BookingID#:,BookingDate:,WeekofYear:,BookingConfirmation:,BookingStatus:,MBL:,TransportationMode:,Non-Managed:,HBL:,OriginOffice:,DestOffice:,Sub-DestOffice:,ReleaseType:,BookingParty:,Term:,Shipper:,VendorCode:,Consignee:,PlaceofReceipt:,PlaceofDelivery:,DeliveryType:,Commodity:,EquipmentType/Qty:,ShippedType/Qty:,Commodity2:,EquipmentType/Qty:,ShippedType/Qty:,VendorReference:,POReadyDate:,LoadPort:,CurrentETD:,ATD:,DischPort:,CurrentETA:,ATA:,Carrier:,Vessel:,Voyage:,CustomerRemarks:,FeederVessel:,ApprovalStatus:,ApprovalDate:,ApprovedBy:,ApprovalRemark:
WB03686748,01/05/2022,8,MLCWSGN2202038,CONFIRMED,ONEYSGNC39811400,SEA,#,MLCWSGN2202038,VNM - TOPOCEAN CONSOLIDATION SERVICE (VIET NAM) COMPANY LIMITED,LAX - TOPOCEAN CONSOLIDATION SERVICE (LAX) INC,-,TELEX,DELTA GALIL VIETNAM. LTD,FOB,DELTA GALIL VIETNAM. LTD,DLTV-C,SPANX,HO CHI MINH&nbsp;VN,A-(W-EUR) OLDENZAALNL,CFS/CFS DOOR,#,LCL x 1,LCL x 1,#,#,#,#,2/16/2022,CAI MEP&nbsp;VN,2/24/2022 00:00 AM,2/24/2022 00:00 AM,ROTTERDAM&nbsp;NL,3/30/2022 00:00 AM,3/30/2022 00:00 AM,OCEAN NETWORK EXPRESS,YM WREATH,019W,#,Direct service,#,ACCEPTED,01/12/2022,spanx,#,1.,NYKU0816101,LCL,VN1464486A,53,CTNS,01/03/0200,314.800,2/16/2022,2/18/2022,VIETNAM (VN),,,
WB03953729,4/22/2022,21,DMCA220519.12,CONFIRMED,YMLUW490418177,SEA,#,DHCM5220343,VNM - TOPOCEAN CONSOLIDATION SERVICE (VIET NAM) COMPANY LIMITED,LAX - TOPOCEAN CONSOLIDATION SERVICE (LAX) INC,-,TELEX,DELTA GALIL VIETNAM. LTD,FOB,DELTA GALIL VIETNAM. LTD,DLTV-C,SPANX,HO CHI MINH&nbsp;VN,A-(W-CAN) MISSISSAUGAON,CFS/CFS DOOR,#,LCL x 1,LCL x 1,#,#,#,#,05/11/2022,CAI MEP&nbsp;VN,5/27/2022 00:00 AM,5/27/2022 00:00 AM,VANCOUVER&nbsp;BRITISH COLUMBIA,7/16/2022 00:00 AM,#,YANG MING,YM TRUTH,009E,#,Direct service,#,ACCEPTED,5/17/2022 00:00 AM,spanx,#,1.,BMOU6190229,LCL,YMAK638262,58,CTNS,01/04/0400,420.300,05/12/2022,5/19/2022,VIETNAM (VN),,,
WB05271781,4/22/2022,20,25968255,CONFIRMED,KMTCSGN4228773,SEA,#,63Z8156778,VNM - TOPOCEAN CONSOLIDATION SERVICE (VIET NAM) COMPANY LIMITED,LAX - TOPOCEAN CONSOLIDATION SERVICE (LAX) INC,-,TELEX,DELTA GALIL VIETNAM. LTD,FOB,DELTA GALIL VIETNAM. LTD,DLTV-C,SPANX,HO CHI MINH&nbsp;VN,A-(W-ASIA) HONG KONGHK,CFS/CFS DOOR,#,LCL x 1,LCL x 1,#,#,#,#,05/11/2022,HO CHI MINH&nbsp;VN,5/15/2022 00:00 AM,5/15/2022 00:00 AM,HONG KONG&nbsp;HK,5/19/2022 00:00 AM,5/19/2022 00:00 AM,KMTC,KMTC BANGKOK,2205N,#,Direct service,#,ACCEPTED,4/26/2022 00:00 AM,spanx,#,1.,FFAU1030229,LCL,KMB282373,31,CTNS,01/01/0460,142.900,05/10/2022,5/13/2022,VIETNAM (VN),,,
WB06299736,01/12/2022,11,63Z8147020,CONFIRMED,ONEYSGNC53671400,SEA,#,63Z8147020,VNM - TOPOCEAN CONSOLIDATION SERVICE (VIET NAM) COMPANY LIMITED,LAX - TOPOCEAN CONSOLIDATION SERVICE (LAX) INC,-,TELEX,DELTA GALIL VIETNAM. LTD,FOB,DELTA GALIL VIETNAM. LTD,DLTV-C,SPANX,HO CHI MINH&nbsp;VN,A-(W-ACME) SILER CITYNC,CFS/CFS DOOR,#,LCL x 1,LCL x 1,#,#,#,#,2/26/2022,CAI MEP&nbsp;VN,3/17/2022 00:00 AM,3/17/2022 00:00 AM,NEW YORK&nbsp;NY,05/11/2022,05/11/2022,OCEAN NETWORK EXPRESS,ONE STORK,016E,#,1st vessel: ym witness 033e. transshipment port: sin etd sin mar 31,#,ACCEPTED,03/03/2022,spanx,#,1.,SEGU5941810,LCL,VN1238486A,79,CTNS,01/10/0030,1851.800,03/05/2022,03/09/2022,VIETNAM (VN),,,
WB10210243,3/31/2022,19,99680290,CONFIRMED,HLCUSGN2204AWGB9,SEA,#,63Z8155251,VNM - TOPOCEAN CONSOLIDATION SERVICE (VIET NAM) COMPANY LIMITED,LAX - TOPOCEAN CONSOLIDATION SERVICE (LAX) INC,-,TELEX,DELTA GALIL VIETNAM. LTD,FOB,DELTA GALIL VIETNAM. LTD,DLTV-C,SPANX,HO CHI MINH&nbsp;VN,A-(W-APT9) SILER CITYNC,CY/CY DOOR,#,20'SD x 1,20'SD x 1,#,#,#,#,4/29/2022,VUNG TAU&nbsp;VN,05/10/2022,05/10/2022,NORFOLK&nbsp;VA,6/24/2022 00:00 AM,6/24/2022 00:00 AM,HAPAG LLOYD,ONE HELSINKI,048E,#,Direct service,#,ACCEPTED,04/05/2022,spanx,#,1.,HLBU1220299,20'SD,HLB9013930,145,CTNS,17.648,3113.900,05/04/2022,05/06/2022,VIETNAM (VN),,,
WB10469257,06/08/2022,32,,PENDING,#,SEA,#,#,VNM - TOPOCEAN CONSOLIDATION SERVICE (VIET NAM) COMPANY LIMITED,LAX - TOPOCEAN CONSOLIDATION SERVICE (LAX) INC,-,TELEX,DELTA GALIL VIETNAM. LTD,FOB,DELTA GALIL VIETNAM. LTD,DLTV-C,SPANX,HO CHI MINH&nbsp;VN,A-(W-UKSW) SWINDONUK,CFS/CFS DOOR,#,LCL x 1,#,#,#,#,#,7/29/2022,CAI MEP&nbsp;VN,08/06/2022,#,ROTTERDAM&nbsp;NL,8/31/2022 00:00 AM,#,OCEAN NETWORK EXPRESS,ONE IBIS,025W,#,#,#,ACCEPTED,06/09/2022,spanx,#,1.,TBA1,LCL,,15,,0.590,01/11/0600,,,,,,
WB10935766,5/15/2022,26,63Z8157954,CONFIRMED,ONEYSGNCH8216702,SEA,#,63Z8157954,VNM - TOPOCEAN CONSOLIDATION SERVICE (VIET NAM) COMPANY LIMITED,LAX - TOPOCEAN CONSOLIDATION SERVICE (LAX) INC,-,TELEX,DELTA GALIL VIETNAM. LTD,FOB,DELTA GALIL VIETNAM. LTD,DLTV-C,SPANX,HO CHI MINH&nbsp;VN,A-(INNODP) BUFORDGA,CFS/CFS DOOR,#,LCL x 1,LCL x 1,#,#,#,#,6/16/2022,CAI MEP&nbsp;VN,6/26/2022 00:00 AM,6/26/2022 00:00 AM,NEW YORK&nbsp;NY,7/30/2022 00:00 AM,#,OCEAN NETWORK EXPRESS,ONE HANGZHOU BAY,046E,#,Direct service,#,ACCEPTED,6/21/2022 00:00 AM,spanx,#,1.,SEGU5944466,LCL,VN1632189A,164,CTNS,01/07/0040,1248.800,6/15/2022,6/18/2022,VIETNAM (VN),,,
WB11944374,11/10/2021,50,MLCWSGN2112017,CONFIRMED,ONEYSGNBAD174500,SEA,#,MLCWSGN2112017,VNM - TOPOCEAN CONSOLIDATION SERVICE (VIET NAM) COMPANY LIMITED,LAX - TOPOCEAN CONSOLIDATION SERVICE (LAX) INC,-,SEAWAY BILL,DELTA GALIL VIETNAM. LTD,FOB,DELTA GALIL VIETNAM. LTD,DLTV-C,SPANX,HO CHI MINH&nbsp;VN,A-(W-EUR) OLDENZAALNL,CFS/CFS DOOR,#,LCL x 1,LCL x 1,#,#,#,#,11/29/2021,CAI MEP&nbsp;VN,12/14/2021 00:00 AM,12/14/2021 00:00 AM,ROTTERDAM&nbsp;NL,1/17/2022 00:00 AM,1/17/2022 00:00 AM,OCEAN NETWORK EXPRESS,ONE OWL,017W,#,Direct service,#,ACCEPTED,12/06/2021,spanx,#,1.,TEMU8725920,LCL,VN1463366A,34,CTNS,01/01/0520,164.400,12/02/2021,12/06/2021,VIETNAM (VN),,,
WB12109692,4/25/2022,22,MLCWSGN2205109,CONFIRMED,ONEYSGNCE4969801,SEA,#,MLCWSGN2205109,VNM - TOPOCEAN CONSOLIDATION SERVICE (VIET NAM) COMPANY LIMITED,LAX - TOPOCEAN CONSOLIDATION SERVICE (LAX) INC,-,TELEX,DELTA GALIL VIETNAM. LTD,FOB,DELTA GALIL VIETNAM. LTD,DLTV-C,SPANX,HO CHI MINH&nbsp;VN,A-(W-EUR) OLDENZAALNL,CFS/CFS DOOR,#,LCL x 1,LCL x 1,#,#,#,#,5/21/2022,CAI MEP&nbsp;VN,06/02/2022,06/02/2022,ROTTERDAM&nbsp;NL,07/02/2022,#,OCEAN NETWORK EXPRESS,YM WREATH,020W,#,Direct service,#,ACCEPTED,4/26/2022 00:00 AM,spanx,#,1.,FFAU3656654,LCL,VN1550350A,174,CTNS,01/12/0310,1350.300,5/21/2022,5/26/2022,VIETNAM (VN),,,
WB19446431,02/08/2022,13,DMCA220315.07,CONFIRMED,YMLUW490413895,SEA,#,DHCM5220155,VNM - TOPOCEAN CONSOLIDATION SERVICE (VIET NAM) COMPANY LIMITED,LAX - TOPOCEAN CONSOLIDATION SERVICE (LAX) INC,-,TELEX,DELTA GALIL VIETNAM. LTD,FOB,DELTA GALIL VIETNAM. LTD,DLTV-C,SPANX,HO CHI MINH&nbsp;VN,A-(W-CAN) MISSISSAUGAON,CFS/CFS DOOR,#,LCL x 1,LCL x 1,#,#,#,#,03/03/2022,CAI MEP&nbsp;VN,3/30/2022 00:00 AM,3/30/2022 00:00 AM,VANCOUVER&nbsp;BRITISH COLUMBIA,5/25/2022 00:00 AM,5/25/2022 00:00 AM,YANG MING,YM TRIUMPH,009E,#,Direct service,#,ACCEPTED,3/17/2022 00:00 AM,spanx,#,1.,TEMU8793586,LCL,YMAK209179,9,CTNS,1.000,16.800,3/17/2022,3/22/2022,VIETNAM (VN),,,
WB21922767,5/22/2022,30,19352197,CONFIRMED,HLCUSGN220607090,SEA,#,63Z8158710,VNM - TOPOCEAN CONSOLIDATION SERVICE (VIET NAM) COMPANY LIMITED,LAX - TOPOCEAN CONSOLIDATION SERVICE (LAX) INC,-,TELEX,DELTA GALIL VIETNAM. LTD,FOB,DELTA GALIL VIETNAM. LTD,DLTV-C,SPANX,HO CHI MINH&nbsp;VN,A-(W-APT9) SILER CITYNC,CY/CY DOOR,#,40HQ x 2,#,#,#,#,#,6/23/2022,CAI MEP&nbsp;VN,7/26/2022 00:00 AM,#,NORFOLK&nbsp;VA,8/14/2022 00:00 AM,#,HAPAG LLOYD,WAN HAI 625,E004,#,Direct service,#,APPROVAL PENDING,#,#,#,1./2./,TBA1/TBA2/,40HQ/40HQ/,//,0/0/,//,0.000/0.000/,0.000/0.000/,//,//,//,//,
WB22992710,01/05/2022,7,DMCA220217.13,CONFIRMED,OOLU2691207611,SEA,#,DHCM5220094,VNM - TOPOCEAN CONSOLIDATION SERVICE (VIET NAM) COMPANY LIMITED,LAX - TOPOCEAN CONSOLIDATION SERVICE (LAX) INC,-,TELEX,DELTA GALIL VIETNAM. LTD,FOB,DELTA GALIL VIETNAM. LTD,DLTV-C,SPANX,HO CHI MINH&nbsp;VN,A-(W-CAN) MISSISSAUGAON,CFS/CFS DOOR,#,LCL x 1,LCL x 1,#,#,#,#,2/14/2022,HO CHI MINH&nbsp;VN,2/18/2022 00:00 AM,2/18/2022 00:00 AM,VANCOUVER&nbsp;BRITISH COLUMBIA,04/09/2022,04/09/2022,OOCL,OOCL OAKLAND,107E,#,1st vessel: ym celebrity 032etranshipment port :kaohsiung etd kaohsiung: 07 mar 2022,#,ACCEPTED,2/14/2022 00:00 AM,spanx,#,1.,FFAU3392757,LCL,OOLHDL1772,21,CTNS,01/01/0700,153.900,2/14/2022,2/17/2022,VIETNAM (VN),,,
WB26943818,11/22/2021,52,63Z8143811,CONFIRMED,HDMUSGNM29299311,SEA,#,63Z8143811,VNM - TOPOCEAN CONSOLIDATION SERVICE (VIET NAM) COMPANY LIMITED,LAX - TOPOCEAN CONSOLIDATION SERVICE (LAX) INC,-,TELEX,DELTA GALIL VIETNAM. LTD,FOB,DELTA GALIL VIETNAM. LTD,DLTV-C,SPANX,HO CHI MINH&nbsp;VN,A-(W-APT9) SILER CITYNC,CFS/CY DOOR,#,LCL x 1,LCL x 1,#,#,#,#,12/16/2021,VUNG TAU&nbsp;VN,12/28/2021 00:00 AM,12/28/2021 00:00 AM,NORFOLK&nbsp;VA,02/12/2022,02/12/2022,HYUNDAI,ONE HELSINKI,0047E,#,Direct service,#,ACCEPTED,12/21/2021 00:00 AM,spanx,#,1.,TRHU2170284,20'SD,193267372,253,CTNS,17.530,1619.000,12/20/2021,12/24/2021,VIETNAM (VN),,,
WB32343832,3/13/2022,15,6330806169,CONFIRMED,COSU6330806169,SEA,#,63Z8154504,VNM - TOPOCEAN CONSOLIDATION SERVICE (VIET NAM) COMPANY LIMITED,LAX - TOPOCEAN CONSOLIDATION SERVICE (LAX) INC,-,TELEX,DELTA GALIL VIETNAM. LTD,FOB,DELTA GALIL VIETNAM. LTD,DLTV-C,SPANX,HO CHI MINH&nbsp;VN,A-(W-APT9) SILER CITYNC,CY/CY DOOR,#,40HQ x 1,40HQ x 1,#,#,#,#,04/05/2022,HO CHI MINH&nbsp;VN,04/11/2022,04/11/2022,NORFOLK&nbsp;VA,06/11/2022,06/11/2022,COSCO,CMA CGM CORTE REAL,0TUO5S1MA,#,1st vessel: spirit of cape town 011stranshipment port :singapore etd singapore: may 07.,#,ACCEPTED,04/05/2022,spanx,#,1.,CSNU6976406,40HQ,21437873,757,CTNS,52.554,6794.800,04/08/2022,04/08/2022,VIETNAM (VN),,,
WB32734913,10/20/2021,46,63Z8141925,CONFIRMED,ONEYSGNBX0006700,SEA,#,63Z8141925,VNM - TOPOCEAN CONSOLIDATION SERVICE (VIET NAM) COMPANY LIMITED,LAX - TOPOCEAN CONSOLIDATION SERVICE (LAX) INC,-,TELEX,DELTA GALIL VIETNAM. LTD,FOB,DELTA GALIL VIETNAM. LTD,DLTV-C,SPANX,HO CHI MINH&nbsp;VN,A-(W-SRTL) BUFORDGA,CFS/CFS DOOR,#,LCL x 1,LCL x 1,#,#,#,#,10/29/2021,CAI MEP&nbsp;VN,11/13/2021 00:00 AM,11/13/2021 00:00 AM,NEW YORK&nbsp;NY,12/14/2021 00:00 AM,12/14/2021 00:00 AM,OCEAN NETWORK EXPRESS,HYUNDAI FAITH,097E,#,Direct service,#,ACCEPTED,11/05/2021,spanx,#,1.,CAIU5831523,LCL,VN1322266A,38,CTNS,01/01/0630,161.090,11/04/2021,11/08/2021,VIETNAM (VN),,,
WB33851083,3/26/2022,17,ONEYSGNCA4077803,CONFIRMED,ONEYSGNCA4077803,SEA,#,63Z8154854,VNM - TOPOCEAN CONSOLIDATION SERVICE (VIET NAM) COMPANY LIMITED,LAX - TOPOCEAN CONSOLIDATION SERVICE (LAX) INC,-,TELEX,DELTA GALIL VIETNAM. LTD,FOB,DELTA GALIL VIETNAM. LTD,DLTV-C,SPANX,HO CHI MINH&nbsp;VN,A-(W-ACME) SILER CITYNC,CY/CY DOOR,#,20'SD x 1,20'SD x 1,#,#,#,#,4/16/2022,CAI MEP&nbsp;VN,4/26/2022 00:00 AM,4/26/2022 00:00 AM,NORFOLK&nbsp;VA,6/24/2022 00:00 AM,6/24/2022 00:00 AM,OCEAN NETWORK EXPRESS,MONACO BRIDGE,018E,#,Direct service,#,ACCEPTED,4/18/2022 00:00 AM,spanx,#,1.,CRSU1442739,20'SD,VN1235864A,140,CTNS,17.080,3137.400,4/20/2022,4/20/2022,VIETNAM (VN),,,
WB35424219,5/22/2022,26,MLCWSGN2206117,CONFIRMED,ONEYSGNCH8860500,SEA,#,MLCWSGN2206117,VNM - TOPOCEAN CONSOLIDATION SERVICE (VIET NAM) COMPANY LIMITED,LAX - TOPOCEAN CONSOLIDATION SERVICE (LAX) INC,-,TELEX,DELTA GALIL VIETNAM. LTD,FOB,DELTA GALIL VIETNAM. LTD,DLTV-C,SPANX,HO CHI MINH&nbsp;VN,A-(W-EUR) OLDENZAALNL,CFS/CFS DOOR,#,LCL x 1,#,#,#,#,#,6/23/2022,CAI MEP&nbsp;VN,6/30/2022 00:00 AM,#,ROTTERDAM&nbsp;NL,7/25/2022 00:00 AM,#,OCEAN NETWORK EXPRESS,ONE MANHATTAN,029W,#,Direct service,#,ACCEPTED,5/26/2022 00:00 AM,spanx,#,1.,TCLU8237595,LCL,VN1550454A,192,CTNS,14.530,1621.200,6/23/2022,6/23/2022,VIETNAM (VN),,,
WB36676137,5/23/2022,27,MLCWSGN2207020,CONFIRMED,#,SEA,#,MLCWSGN2207020,VNM - TOPOCEAN CONSOLIDATION SERVICE (VIET NAM) COMPANY LIMITED,LAX - TOPOCEAN CONSOLIDATION SERVICE (LAX) INC,-,TELEX,DELTA GALIL VIETNAM. LTD,FOB,DELTA GALIL VIETNAM. LTD,DLTV-C,SPANX,HO CHI MINH&nbsp;VN,A-(W-EUR) OLDENZAALNL,CFS/CFS DOOR,#,LCL x 1,#,#,#,#,#,6/29/2022,CAI MEP&nbsp;VN,07/06/2022,#,ROTTERDAM&nbsp;NL,7/31/2022 00:00 AM,#,OCEAN NETWORK EXPRESS,ONE CRANE,021W,#,Direct service,#,ACCEPTED,5/26/2022 00:00 AM,spanx,#,1.,TBA1,LCL,,11,,0.432,72.800,,,,,,
WB37583985,12/24/2021,5,63Z8145742,CONFIRMED,ZIMUHCM80234178,SEA,#,63Z8145742,VNM - TOPOCEAN CONSOLIDATION SERVICE (VIET NAM) COMPANY LIMITED,LAX - TOPOCEAN CONSOLIDATION SERVICE (LAX) INC,-,SEAWAY BILL,DELTA GALIL VIETNAM. LTD,FOB,DELTA GALIL VIETNAM. LTD,DLTV-C,SPANX,HO CHI MINH&nbsp;VN,A-(W-SRTL) BUFORDGA,CFS/CFS DOOR,#,LCL x 1,LCL x 1,#,#,#,#,1/21/2022,CAI MEP&nbsp;VN,02/02/2022,02/02/2022,NEW YORK&nbsp;NY,3/30/2022 00:00 AM,3/30/2022 00:00 AM,ZIM,MELINA,31W,#,Direct service,#,ACCEPTED,1/28/2022 00:00 AM,spanx,#,1.,TRHU8499997,LCL,A4210354166,431,CTNS,17.360,2310.000,1/25/2022,1/30/2022,VIETNAM (VN),,,
WB37867464,3/30/2022,17,220429.03,CONFIRMED,OOLU2696827030,SEA,#,DHCM5220267,VNM - TOPOCEAN CONSOLIDATION SERVICE (VIET NAM) COMPANY LIMITED,LAX - TOPOCEAN CONSOLIDATION SERVICE (LAX) INC,-,TELEX,DELTA GALIL VIETNAM. LTD,FOB,DELTA GALIL VIETNAM. LTD,DLTV-C,SPANX,HO CHI MINH&nbsp;VN,A-(W-CAN) MISSISSAUGAON,CFS/CFS DOOR,#,LCL x 1,LCL x 1,#,#,#,#,4/19/2022,HO CHI MINH&nbsp;VN,4/28/2022 00:00 AM,4/28/2022 00:00 AM,VANCOUVER&nbsp;BRITISH COLUMBIA,6/16/2022 00:00 AM,6/16/2022 00:00 AM,OOCL,OOCL CHICAGO,082E,#,1st vessel: amalia c 110ntranshipment port :kaohsiung etd kaohsiung: may 06,#,ACCEPTED,4/25/2022 00:00 AM,spanx,#,1.,OOLU9482620,LCL,OOLHLE4932,102,CTNS,01/06/0400,658.390,4/19/2022,4/22/2022,VIETNAM (VN),,,
WB44644685,02/11/2022,14,MLCWSGN2203109,CONFIRMED,ONEYSGNC84122600,SEA,#,MLCWSGN2203109,VNM - TOPOCEAN CONSOLIDATION SERVICE (VIET NAM) COMPANY LIMITED,LAX - TOPOCEAN CONSOLIDATION SERVICE (LAX) INC,-,TELEX,DELTA GALIL VIETNAM. LTD,FOB,DELTA GALIL VIETNAM. LTD,DLTV-C,SPANX,HO CHI MINH&nbsp;VN,A-(W-EUR) OLDENZAALNL,CFS/CFS DOOR,#,LCL x 1,LCL x 1,#,#,#,#,3/18/2022,CAI MEP&nbsp;VN,04/02/2022,04/02/2022,ROTTERDAM&nbsp;NL,05/07/2022,05/07/2022,OCEAN NETWORK EXPRESS,ONE COLUMBA,014W,#,Direct service,#,ACCEPTED,3/25/2022 00:00 AM,spanx,#,1.,TCNU8369686,LCL,VN1263532A,434,CTNS,29.120,3816.400,3/23/2022,3/25/2022,VIETNAM (VN),,,
WB48349422,02/08/2022,11,63Z8148162,CONFIRMED,ONEYSGNC53671400,SEA,#,63Z8148162,VNM - TOPOCEAN CONSOLIDATION SERVICE (VIET NAM) COMPANY LIMITED,LAX - TOPOCEAN CONSOLIDATION SERVICE (LAX) INC,-,TELEX,DELTA GALIL VIETNAM. LTD,FOB,DELTA GALIL VIETNAM. LTD,DLTV-C,SPANX,HO CHI MINH&nbsp;VN,A-(W-SRTL) BUFORDGA,CFS/CFS DOOR,#,LCL x 1,LCL x 1,#,#,#,#,03/03/2022,CAI MEP&nbsp;VN,3/17/2022 00:00 AM,3/17/2022 00:00 AM,NEW YORK&nbsp;NY,05/11/2022,05/11/2022,OCEAN NETWORK EXPRESS,ONE STORK,016E,#,1st vessel: ym witness 033e. transshipment port: sin etd sin mar 31,#,ACCEPTED,03/03/2022,spanx,#,1.,SEGU5941810,LCL,VN1238486A,48,CTNS,01/01/0930,241.700,03/05/2022,03/09/2022,VIETNAM (VN),,,
WB48534565,01/05/2022,8,SGNC29824700,CONFIRMED,ONEYSGNC29824700,SEA,#,63Z8146765,VNM - TOPOCEAN CONSOLIDATION SERVICE (VIET NAM) COMPANY LIMITED,LAX - TOPOCEAN CONSOLIDATION SERVICE (LAX) INC,-,TELEX,DELTA GALIL VIETNAM. LTD,FOB,DELTA GALIL VIETNAM. LTD,DLTV-C,SPANX,HO CHI MINH&nbsp;VN,A-(W-APT9) SILER CITYNC,CY/CY DOOR,#,40HQ x 1,40HQ x 1,#,#,#,#,2/14/2022,CAI MEP&nbsp;VN,2/21/2022 00:00 AM,2/21/2022 00:00 AM,NORFOLK&nbsp;VA,4/15/2022 00:00 AM,4/13/2022 00:00 AM,OCEAN NETWORK EXPRESS,ONE MINATO,016E,#,Direct service,#,ACCEPTED,02/11/2022,spanx,#,1.,KKFU7646900,40HQ,VN1426105A,768,CTNS,52.240,6982.500,2/15/2022,2/16/2022,VIETNAM (VN),,,
WB49879326,2/16/2022,15,63Z8149377,CONFIRMED,ZIMUHCM80249264,SEA,#,63Z8154157,VNM - TOPOCEAN CONSOLIDATION SERVICE (VIET NAM) COMPANY LIMITED,LAX - TOPOCEAN CONSOLIDATION SERVICE (LAX) INC,-,TELEX,DELTA GALIL VIETNAM. LTD,FOB,DELTA GALIL VIETNAM. LTD,DLTV-C,SPANX,HO CHI MINH&nbsp;VN,A-(W-ACME) SILER CITYNC,CFS/CY DOOR,#,LCL x 1,LCL x 1,#,#,#,#,3/16/2022,CAI MEP&nbsp;VN,04/11/2022,04/11/2022,SAVANNAH&nbsp;GA,5/24/2022 00:00 AM,5/24/2022 00:00 AM,ZIM,MAERSK STADELHORN,215E,#,1st vessel: northern jaguar 213w. transshipment port: sin etd sin apr 23.,#,ACCEPTED,3/22/2022 00:00 AM,spanx,#,1.,ZCSU8922899,40HQ,A4210344216,82,CTNS,01/10/0630,1738.040,3/30/2022,04/04/2022,VIETNAM (VN),,,
WB52666486,3/30/2022,17,8890842850,CONFIRMED,OOLU8890842850,SEA,#,MLCWSGN2204133,VNM - TOPOCEAN CONSOLIDATION SERVICE (VIET NAM) COMPANY LIMITED,LAX - TOPOCEAN CONSOLIDATION SERVICE (LAX) INC,-,TELEX,DELTA GALIL VIETNAM. LTD,FOB,DELTA GALIL VIETNAM. LTD,DLTV-C,SPANX,HO CHI MINH&nbsp;VN,A-(W-EUR) OLDENZAALNL,CY/CY DOOR,#,20'SD x 1,20'SD x 1,#,#,#,#,4/19/2022,HO CHI MINH&nbsp;VN,4/27/2022 00:00 AM,4/27/2022 00:00 AM,ROTTERDAM&nbsp;NL,6/28/2022 00:00 AM,#,OOCL,CMA CGM LOUVRE,0FLC0E1MA,#,1st vessel: akiteta 005stranshipment port :singapore etd singapore: may 20.,#,ACCEPTED,04/11/2022,spanx,#,1.,CSNU1554244,20'SD,OOLHLD3105,297,CTNS,18.244,2184.600,4/23/2022,4/23/2022,VIETNAM (VN),,,
WB54866624,06/07/2022,32,,PENDING,#,SEA,#,#,VNM - TOPOCEAN CONSOLIDATION SERVICE (VIET NAM) COMPANY LIMITED,LAX - TOPOCEAN CONSOLIDATION SERVICE (LAX) INC,-,TELEX,DELTA GALIL VIETNAM. LTD,FOB,DELTA GALIL VIETNAM. LTD,DLTV-C,SPANX,HO CHI MINH&nbsp;VN,A-(W-EUR) OLDENZAALNL,CFS/CFS DOOR,#,LCL x 1,#,#,#,#,#,7/29/2022,CAI MEP&nbsp;VN,08/06/2022,#,ROTTERDAM&nbsp;NL,8/31/2022 00:00 AM,#,OCEAN NETWORK EXPRESS,ONE IBIS,025W,#,#,#,ACCEPTED,06/09/2022,spanx,#,1.,TBA1,LCL,,15,,0.590,58.500,,,,,,
WB57955749,4/25/2022,23,DMCA220602.05,CONFIRMED,EGLV235201062841,SEA,#,DHCM5220369,VNM - TOPOCEAN CONSOLIDATION SERVICE (VIET NAM) COMPANY LIMITED,LAX - TOPOCEAN CONSOLIDATION SERVICE (LAX) INC,-,TELEX,DELTA GALIL VIETNAM. LTD,FOB,DELTA GALIL VIETNAM. LTD,DLTV-C,SPANX,HO CHI MINH&nbsp;VN,A-(W-CAN) MISSISSAUGAON,CFS/CFS DOOR,#,LCL x 1,LCL x 1,#,#,#,#,5/21/2022,HO CHI MINH&nbsp;VN,06/10/2022,06/10/2022,VANCOUVER&nbsp;BRITISH COLUMBIA,7/27/2022 00:00 AM,#,EVERGREEN,EVER SAFETY,0373-101E,#,1st vessel: amalia c 112btranshipment port :kaohsiung etd kaohsiung: jun 24,#,ACCEPTED,5/25/2022 00:00 AM,spanx,#,1.,DRYU9310777,LCL,EMCNMW1751,28,CTNS,2.000,212.700,5/23/2022,06/07/2022,VIETNAM (VN),,,
WB58689464,05/08/2022,24,63Z8157586,CONFIRMED,ONEYSGNCE8605600,SEA,#,63Z8157586,VNM - TOPOCEAN CONSOLIDATION SERVICE (VIET NAM) COMPANY LIMITED,LAX - TOPOCEAN CONSOLIDATION SERVICE (LAX) INC,-,TELEX,DELTA GALIL VIETNAM. LTD,FOB,DELTA GALIL VIETNAM. LTD,DLTV-C,SPANX,HO CHI MINH&nbsp;VN,A-(INNODP) BUFORDGA,CFS/CFS DOOR,#,LCL x 1,LCL x 1,#,#,#,#,5/31/2022,CAI MEP&nbsp;VN,6/17/2022 00:00 AM,6/17/2022 00:00 AM,NEW YORK&nbsp;NY,7/18/2022 00:00 AM,#,OCEAN NETWORK EXPRESS,YM WARMTH,031E,#,Direct service,#,ACCEPTED,6/14/2022 00:00 AM,spanx,#,1.,TRLU7448777,LCL,VN1554434A,36,CTNS,01/01/0550,285.900,06/01/2022,06/08/2022,VIETNAM (VN),,,
WB63532467,4/22/2022,22,MLCWSGN2205108,CONFIRMED,ONEYSGNCE4969801,SEA,#,MLCWSGN2205108,VNM - TOPOCEAN CONSOLIDATION SERVICE (VIET NAM) COMPANY LIMITED,LAX - TOPOCEAN CONSOLIDATION SERVICE (LAX) INC,-,TELEX,DELTA GALIL VIETNAM. LTD,FOB,DELTA GALIL VIETNAM. LTD,DLTV-C,SPANX,HO CHI MINH&nbsp;VN,A-(W-EUR) OLDENZAALNL,CFS/CFS DOOR,#,LCL x 1,LCL x 1,#,#,#,#,05/11/2022,CAI MEP&nbsp;VN,06/02/2022,06/02/2022,ROTTERDAM&nbsp;NL,07/02/2022,#,OCEAN NETWORK EXPRESS,YM WREATH,020W,#,Direct service,#,ACCEPTED,5/17/2022 00:00 AM,spanx,#,1.,FFAU3656654,LCL,VN1550350A,119,CTNS,01/08/0790,980.000,5/13/2022,5/26/2022,VIETNAM (VN),,,
WB65485469,06/08/2022,31,,PENDING,#,SEA,#,#,VNM - TOPOCEAN CONSOLIDATION SERVICE (VIET NAM) COMPANY LIMITED,LAX - TOPOCEAN CONSOLIDATION SERVICE (LAX) INC,-,TELEX,DELTA GALIL VIETNAM. LTD,FOB,DELTA GALIL VIETNAM. LTD,DLTV-C,SPANX,HO CHI MINH&nbsp;VN,A-(INNODP) BUFORDGA,CFS/CFS DOOR,#,LCL x 1,#,#,#,#,#,7/29/2022,CAI MEP&nbsp;VN,08/05/2022,#,NEW YORK&nbsp;NY,09/07/2022,#,OCEAN NETWORK EXPRESS,ONE COLUMBA,066W,#,#,#,ACCEPTED,06/10/2022,spanx,#,1.,TBA1,LCL,,179,,01/07/0041,1317.000,,,,,,
WB65946619,06/01/2022,29,,PENDING,#,SEA,#,#,VNM - TOPOCEAN CONSOLIDATION SERVICE (VIET NAM) COMPANY LIMITED,LAX - TOPOCEAN CONSOLIDATION SERVICE (LAX) INC,-,TELEX,DELTA GALIL VIETNAM. LTD,FOB,DELTA GALIL VIETNAM. LTD,DLTV-C,SPANX,HO CHI MINH&nbsp;VN,A-(W-EUR) OLDENZAALNL,CFS/CY DOOR,#,LCL x 1,#,#,#,#,#,07/11/2022,CAI MEP&nbsp;VN,7/19/2022 00:00 AM,#,ROTTERDAM&nbsp;NL,8/13/2022 00:00 AM,#,OCEAN NETWORK EXPRESS,YM WISDOM,012W,#,#,#,ACCEPTED,6/21/2022 00:00 AM,spanx,#,1.,TBAConso,20'SD,,192,,01/11/0912,1503.800,,,,,,
WB66221022,12/18/2021,6,63Z8145296,CONFIRMED,ONEYSGNC15304900,SEA,#,63Z8145296,VNM - TOPOCEAN CONSOLIDATION SERVICE (VIET NAM) COMPANY LIMITED,LAX - TOPOCEAN CONSOLIDATION SERVICE (LAX) INC,-,TELEX,DELTA GALIL VIETNAM. LTD,FOB,DELTA GALIL VIETNAM. LTD,DLTV-C,SPANX,HO CHI MINH&nbsp;VN,A-(W-ACME) SILER CITYNC,CFS/CFS DOOR,#,LCL x 1,LCL x 1,#,#,#,#,1/20/2022,CAI MEP&nbsp;VN,02/09/2022,02/09/2022,NEW YORK&nbsp;NY,04/04/2022,04/04/2022,OCEAN NETWORK EXPRESS,YM WARMTH,030E,#,1st vessel : tangier express 046etranshipment port :singapore etd singapore: 2022-02-17,#,ACCEPTED,1/25/2022 00:00 AM,spanx,#,1.,DRYU4571628,LCL,VN1403567A,87,CTNS,01/10/0550,1811.700,1/20/2022,1/26/2022,VIETNAM (VN),,,
WB66361677,02/11/2022,13,6328077953,CONFIRMED,COSU6328077953,SEA,#,63Z8148369,VNM - TOPOCEAN CONSOLIDATION SERVICE (VIET NAM) COMPANY LIMITED,LAX - TOPOCEAN CONSOLIDATION SERVICE (LAX) INC,-,TELEX,DELTA GALIL VIETNAM. LTD,FOB,DELTA GALIL VIETNAM. LTD,DLTV-C,SPANX,HO CHI MINH&nbsp;VN,A-(W-APT9) SILER CITYNC,CY/CY DOOR,#,40'SD x 1,40'SD x 1,#,#,#,#,3/14/2022,VUNG TAU&nbsp;VN,3/30/2022 00:00 AM,3/30/2022 00:00 AM,NORFOLK&nbsp;VA,5/14/2022 00:00 AM,5/14/2022 00:00 AM,COSCO,COSCO OCEANIA,084S,#,Direct service,#,ACCEPTED,3/22/2022 00:00 AM,spanx,#,1.,CCLU5156220,40'SD,21479425,612,CTNS,42.302,5442.800,3/23/2022,3/24/2022,VIETNAM (VN),,,
WB67762658,12/01/2021,2,MLCWSGN2201032,CONFIRMED,ONEYSGNBBZ654600,SEA,#,MLCWSGN2201032,VNM - TOPOCEAN CONSOLIDATION SERVICE (VIET NAM) COMPANY LIMITED,LAX - TOPOCEAN CONSOLIDATION SERVICE (LAX) INC,-,TELEX,DELTA GALIL VIETNAM. LTD,FOB,DELTA GALIL VIETNAM. LTD,DLTV-C,SPANX,HO CHI MINH&nbsp;VN,A-(W-EUR) OLDENZAALNL,CFS/CFS DOOR,#,LCL x 1,LCL x 1,#,#,#,#,12/24/2021,CAI MEP&nbsp;VN,01/11/2022,01/11/2022,ROTTERDAM&nbsp;NL,02/11/2022,02/11/2022,OCEAN NETWORK EXPRESS,YM WELLNESS,029W,#,Direct service,#,ACCEPTED,01/04/2022,spanx,#,1.,GLDU9997379,LCL,VN1376942A,52,CTNS,01/03/0640,368.300,12/24/2021,01/06/2022,VIETNAM (VN),,,
WB73359895,11/15/2021,50,63Z8142981,CONFIRMED,ONEYSGNBZ9526400,SEA,#,63Z8142981,VNM - TOPOCEAN CONSOLIDATION SERVICE (VIET NAM) COMPANY LIMITED,LAX - TOPOCEAN CONSOLIDATION SERVICE (LAX) INC,-,TELEX,DELTA GALIL VIETNAM. LTD,FOB,DELTA GALIL VIETNAM. LTD,DLTV-C,SPANX,HO CHI MINH&nbsp;VN,A-(W-SRTL) BUFORDGA,CFS/CFS DOOR,#,LCL x 1,LCL x 1,#,#,#,#,11/29/2021,CAI MEP&nbsp;VN,12/13/2021 00:00 AM,12/13/2021 00:00 AM,NEW YORK&nbsp;NY,1/20/2022 00:00 AM,1/20/2022 00:00 AM,OCEAN NETWORK EXPRESS,YM WIND,020E,#,Direct service,#,ACCEPTED,12/10/2021,spanx,#,1.,FCIU6663905,LCL,VN1224263A,389,CTNS,15.910,2067.900,12/03/2021,12/10/2021,VIETNAM (VN),,,
WB73923474,02/08/2022,11,MLCWSGN2203025,CONFIRMED,ONEYSGNC71470800,SEA,#,MLCWSGN2203025,VNM - TOPOCEAN CONSOLIDATION SERVICE (VIET NAM) COMPANY LIMITED,LAX - TOPOCEAN CONSOLIDATION SERVICE (LAX) INC,-,TELEX,DELTA GALIL VIETNAM. LTD,FOB,DELTA GALIL VIETNAM. LTD,DLTV-C,SPANX,HO CHI MINH&nbsp;VN,A-(W-EUR) OLDENZAALNL,CFS/CFS DOOR,#,LCL x 1,LCL x 1,#,#,#,#,03/03/2022,CAI MEP&nbsp;VN,03/12/2022,03/12/2022,ROTTERDAM&nbsp;NL,04/10/2022,04/10/2022,OCEAN NETWORK EXPRESS,ONE CYGNUS,010W,#,Direct service,#,ACCEPTED,02/09/2022,spanx,#,1.,TCNU6427042,LCL,VN1263560A,27,CTNS,01/01/0200,150.400,03/04/2022,03/05/2022,VIETNAM (VN),,,
WB74477215,5/23/2022,27,63Z8158420,CONFIRMED,#,SEA,#,63Z8158420,VNM - TOPOCEAN CONSOLIDATION SERVICE (VIET NAM) COMPANY LIMITED,LAX - TOPOCEAN CONSOLIDATION SERVICE (LAX) INC,-,TELEX,DELTA GALIL VIETNAM. LTD,FOB,DELTA GALIL VIETNAM. LTD,DLTV-C,SPANX,HO CHI MINH&nbsp;VN,A-(W-INBK) BUFORDGA,CFS/CFS DOOR,#,LCL x 1,#,#,#,#,#,6/30/2022,CAI MEP&nbsp;VN,07/08/2022,#,NEW YORK&nbsp;NY,08/07/2022,#,OCEAN NETWORK EXPRESS,NORTHERN JAGUAR,22W,#,Direct service,#,ACCEPTED,5/26/2022 00:00 AM,spanx,#,1.,TBA1,LCL,,119,CTNS,01/04/0681,855.300,,,VIETNAM (VN),,,
WB75639310,4/24/2022,21,63Z8157130,CONFIRMED,ONEYSGNCE1385400,SEA,#,63Z8157130,VNM - TOPOCEAN CONSOLIDATION SERVICE (VIET NAM) COMPANY LIMITED,LAX - TOPOCEAN CONSOLIDATION SERVICE (LAX) INC,-,TELEX,DELTA GALIL VIETNAM. LTD,FOB,DELTA GALIL VIETNAM. LTD,DLTV-C,SPANX,HO CHI MINH&nbsp;VN,A-(W-ACME) SILER CITYNC,CFS/CFS DOOR,#,LCL x 1,LCL x 1,#,#,#,#,5/19/2022,CAI MEP&nbsp;VN,5/25/2022 00:00 AM,5/25/2022 00:00 AM,NEW YORK&nbsp;NY,6/28/2022 00:00 AM,#,OCEAN NETWORK EXPRESS,CONTI CRYSTAL,126E,#,Direct service,#,ACCEPTED,5/19/2022 00:00 AM,spanx,#,1.,NYKU4614984,LCL,VN1620927A,71,CTNS,01/09/0010,1576.800,5/19/2022,5/23/2022,VIETNAM (VN),,,
WB76882656,5/16/2022,26,MLCWSGN2206015,CONFIRMED,ONEYSGNCH8860500,SEA,#,MLCWSGN2206015,VNM - TOPOCEAN CONSOLIDATION SERVICE (VIET NAM) COMPANY LIMITED,LAX - TOPOCEAN CONSOLIDATION SERVICE (LAX) INC,-,TELEX,DELTA GALIL VIETNAM. LTD,FOB,DELTA GALIL VIETNAM. LTD,DLTV-C,SPANX,HO CHI MINH&nbsp;VN,A-(W-EUR) OLDENZAALNL,CFS/CFS DOOR,#,LCL x 1,#,#,#,#,#,6/18/2022,CAI MEP&nbsp;VN,6/30/2022 00:00 AM,#,ROTTERDAM&nbsp;NL,7/25/2022 00:00 AM,#,OCEAN NETWORK EXPRESS,ONE MANHATTAN,029W,#,Direct service,#,ACCEPTED,5/17/2022 00:00 AM,spanx,#,1.,TCLU8237595,LCL,VN1550454A,38,CTNS,01/01/0730,285.100,6/18/2022,6/23/2022,VIETNAM (VN),,,
WB77179369,02/10/2022,13,DMCA220322.01,CONFIRMED,YMLUW490413895,SEA,#,DHCM5220190,VNM - TOPOCEAN CONSOLIDATION SERVICE (VIET NAM) COMPANY LIMITED,LAX - TOPOCEAN CONSOLIDATION SERVICE (LAX) INC,-,TELEX,DELTA GALIL VIETNAM. LTD,FOB,DELTA GALIL VIETNAM. LTD,DLTV-C,SPANX,HO CHI MINH&nbsp;VN,A-(W-CAN) MISSISSAUGAON,CFS/CFS DOOR,#,LCL x 1,LCL x 1,#,#,#,#,3/18/2022,CAI MEP&nbsp;VN,3/30/2022 00:00 AM,3/30/2022 00:00 AM,VANCOUVER&nbsp;BRITISH COLUMBIA,5/25/2022 00:00 AM,5/25/2022 00:00 AM,YANG MING,YM TRIUMPH,009E,#,Direct service,#,ACCEPTED,3/17/2022 00:00 AM,spanx,#,1.,TEMU8793586,LCL,YMAK209179,53,CTNS,01/03/0300,371.700,3/17/2022,3/22/2022,VIETNAM (VN),,,
WB77368101,12/05/2021,3,SGNBBL206800,CONFIRMED,ONEYSGNBBL206800,SEA,#,63Z8144366,VNM - TOPOCEAN CONSOLIDATION SERVICE (VIET NAM) COMPANY LIMITED,LAX - TOPOCEAN CONSOLIDATION SERVICE (LAX) INC,-,TELEX,DELTA GALIL VIETNAM. LTD,FOB,DELTA GALIL VIETNAM. LTD,DLTV-C,SPANX,HO CHI MINH&nbsp;VN,A-(W-APT9) SILER CITYNC,CY/CY DOOR,#,40'SD x 2,40'SD x 2,#,#,#,#,12/27/2021,CAI MEP&nbsp;VN,1/15/2022 00:00 AM,1/15/2022 00:00 AM,NORFOLK&nbsp;VA,2/24/2022 00:00 AM,2/24/2022 00:00 AM,OCEAN NETWORK EXPRESS,AL QIBLA,024E,#,1st vessel : ym width 025etranshipment port :sin etd sin: 2022-01-25,#,ACCEPTED,01/04/2022,spanx,#,1./2./,TCLU4663437/UETU4141354/,40'SD/40'SD/,VN1393596A/VN1393581A/,663/577/,CTNS/CTNS/,45.350/39.300/,5085.000/3844.600/,1/10/2022/1/10/2022/,1/11/2022/1/11/2022/,VIETNAM (VN)/VIETNAM (VN)/,//,
WB79668938,11/11/2021,50,63Z8142802,CONFIRMED,ONEYSGNBZ9526400,SEA,#,63Z8142802,VNM - TOPOCEAN CONSOLIDATION SERVICE (VIET NAM) COMPANY LIMITED,LAX - TOPOCEAN CONSOLIDATION SERVICE (LAX) INC,-,TELEX,DELTA GALIL VIETNAM. LTD,FOB,DELTA GALIL VIETNAM. LTD,DLTV-C,SPANX,HO CHI MINH&nbsp;VN,A-(W-SRTL) BUFORDGA,CFS/CFS DOOR,#,LCL x 1,LCL x 1,#,#,#,#,11/25/2021,CAI MEP&nbsp;VN,12/13/2021 00:00 AM,12/13/2021 00:00 AM,NEW YORK&nbsp;NY,1/20/2022 00:00 AM,1/20/2022 00:00 AM,OCEAN NETWORK EXPRESS,YM WIND,020E,#,Direct service,#,ACCEPTED,12/10/2021,spanx,#,1.,FCIU6663905,LCL,VN1224263A,19,CTNS,01/01/0320,85.610,12/02/2021,12/10/2021,VIETNAM (VN),,,
WB79838553,06/02/2022,29,,PENDING,#,SEA,#,#,VNM - TOPOCEAN CONSOLIDATION SERVICE (VIET NAM) COMPANY LIMITED,LAX - TOPOCEAN CONSOLIDATION SERVICE (LAX) INC,-,TELEX,DELTA GALIL VIETNAM. LTD,FOB,DELTA GALIL VIETNAM. LTD,DLTV-C,SPANX,HO CHI MINH&nbsp;VN,A-(W-SRTL) BUFORDGA,CY/CY DOOR,#,40HQ x 2,#,#,40'SD x 1,#,#,07/11/2022,CAI MEP&nbsp;VN,7/17/2022 00:00 AM,#,SAVANNAH&nbsp;GA,8/20/2022 00:00 AM,#,ZIM,BELLAVIA,53E,#,#,#,ACCEPTED,06/07/2022,spanx,#,1./2./3./,TBA1/TBA2/TBA3/,40HQ/40HQ/40'SD/,///,0/0/0/,///,0.000/0.000/0.000/,0.000/0.000/0.000/,///,///,///,///,
WB81373511,05/03/2022,25,6336251186,CONFIRMED,COSU6336251186,SEA,#,63Z8158788,VNM - TOPOCEAN CONSOLIDATION SERVICE (VIET NAM) COMPANY LIMITED,LAX - TOPOCEAN CONSOLIDATION SERVICE (LAX) INC,-,TELEX,DELTA GALIL VIETNAM. LTD,FOB,DELTA GALIL VIETNAM. LTD,DLTV-C,SPANX,HO CHI MINH&nbsp;VN,A-(W-ACME) SILER CITYNC,CY/CY DOOR,GARMENT,40HQ x 4,40HQ x 4,#,#,#,#,5/21/2022,VUNG TAU&nbsp;VN,6/20/2022 00:00 AM,6/20/2022 00:00 AM,NORFOLK&nbsp;VA,7/25/2022 00:00 AM,#,COSCO,CMA CGM LAPEROUSE,0TUOXS1MA,#,Direct service,#,ACCEPTED,06/01/2022,spanx,#,1./2./3./4./,CSNU7698486/OOCU6505557/OOCU8200198/TGBU4914550/,40HQ/40HQ/40HQ/40HQ/,21517475/21485345/21457623/21485953/,761/765/818/785/,CTNS/CTNS/CTNS/CTNS/,52.076/52.465/53.367/53.847/,6875.300/7300.200/7349.000/7523.600/,6/16/2022/6/14/2022/6/14/2022/6/14/2022/,6/16/2022/6/15/2022/6/15/2022/6/15/2022/,VIETNAM (VN)/VIETNAM (VN)/VIETNAM (VN)/VIETNAM (VN)/,////,
WB82416881,12/25/2021,4,MLCWSGN2201184,CONFIRMED,ONEYSGNC02588500,SEA,#,MLCWSGN2201184,VNM - TOPOCEAN CONSOLIDATION SERVICE (VIET NAM) COMPANY LIMITED,LAX - TOPOCEAN CONSOLIDATION SERVICE (LAX) INC,-,TELEX,DELTA GALIL VIETNAM. LTD,FOB,DELTA GALIL VIETNAM. LTD,DLTV-C,SPANX,HO CHI MINH&nbsp;VN,A-(W-EUR) OLDENZAALNL,CFS/CFS DOOR,#,LCL x 1,LCL x 1,#,#,#,#,1/19/2022,CAI MEP&nbsp;VN,1/27/2022 00:00 AM,1/27/2022 00:00 AM,ROTTERDAM&nbsp;NL,03/07/2022,03/07/2022,OCEAN NETWORK EXPRESS,ONE MANHATTAN,028W,#,Direct service,#,ACCEPTED,12/27/2021 00:00 AM,spanx,#,1.,TCLU6649309,LCL,VN1376814A,29,CTNS,01/01/0340,152.700,1/19/2022,1/20/2022,VIETNAM (VN),,,
WB82874844,4/22/2022,22,6333686921,CONFIRMED,COSU6333686921,SEA,#,63Z8156832,VNM - TOPOCEAN CONSOLIDATION SERVICE (VIET NAM) COMPANY LIMITED,LAX - TOPOCEAN CONSOLIDATION SERVICE (LAX) INC,-,TELEX,DELTA GALIL VIETNAM. LTD,FOB,DELTA GALIL VIETNAM. LTD,DLTV-C,SPANX,HO CHI MINH&nbsp;VN,A-(W-APT9) SILER CITYNC,CY/CY DOOR,#,20'SD x 1,40HQ x 1,#,40HQ x 1,20'SD x 1,#,05/11/2022,VUNG TAU&nbsp;VN,06/03/2022,06/03/2022,NORFOLK&nbsp;VA,7/29/2022 00:00 AM,#,COSCO,COSCO TAICANG,082S,#,1st vessel: cscl bohai sea 051stranshipment port :singapore etd singapore: july 2,#,ACCEPTED,5/24/2022 00:00 AM,spanx,#,1./2./,CSNU1765627/TRHU5260648/,20'SD/40HQ/,21507363/21538123/,256/695/,CTNS/CTNS/,17.731/43.978/,2188.700/5581.700/,5/26/2022/5/26/2022/,5/26/2022/5/26/2022/,VIETNAM (VN)/VIETNAM (VN)/,//,
WB83335984,06/01/2022,29,,PENDING,#,SEA,#,#,VNM - TOPOCEAN CONSOLIDATION SERVICE (VIET NAM) COMPANY LIMITED,LAX - TOPOCEAN CONSOLIDATION SERVICE (LAX) INC,-,TELEX,DELTA GALIL VIETNAM. LTD,FOB,DELTA GALIL VIETNAM. LTD,DLTV-C,SPANX,HO CHI MINH&nbsp;VN,A-(W-CAN) MISSISSAUGAON,CFS/CY DOOR,#,LCL x 1,#,#,#,#,#,07/11/2022,HO CHI MINH&nbsp;VN,7/19/2022 00:00 AM,#,VANCOUVER&nbsp;BRITISH COLUMBIA,08/07/2022,#,OOCL,SEATTLE C,013E,#,1st vessel: amalia c 114ntranshipment port :khh etd khh: jul 27.,#,ACCEPTED,06/07/2022,spanx,#,1.,TBAConso,20'SD,,14,,0.892,106.500,,,,,,
WB85691082,01/06/2022,11,MLCWSGN2203001,CONFIRMED,ONEYSGNC71470800,SEA,#,MLCWSGN2203001,VNM - TOPOCEAN CONSOLIDATION SERVICE (VIET NAM) COMPANY LIMITED,LAX - TOPOCEAN CONSOLIDATION SERVICE (LAX) INC,-,TELEX,DELTA GALIL VIETNAM. LTD,FOB,DELTA GALIL VIETNAM. LTD,DLTV-C,SPANX,HO CHI MINH&nbsp;VN,A-(W-EUR) OLDENZAALNL,CFS/CFS DOOR,#,LCL x 1,LCL x 1,#,#,#,#,2/25/2022,CAI MEP&nbsp;VN,03/12/2022,03/12/2022,ROTTERDAM&nbsp;NL,04/10/2022,04/10/2022,OCEAN NETWORK EXPRESS,ONE CYGNUS,010W,#,Direct service,#,ACCEPTED,2/24/2022 00:00 AM,spanx,#,1.,TCNU6427042,LCL,VN1263560A,19,CTNS,01/01/0320,165.370,03/04/2022,03/05/2022,VIETNAM (VN),,,
WB85996859,11/15/2021,51,DMCA211203.16,CONFIRMED,YMLUW490409871,SEA,#,DHCM5210695,VNM - TOPOCEAN CONSOLIDATION SERVICE (VIET NAM) COMPANY LIMITED,LAX - TOPOCEAN CONSOLIDATION SERVICE (LAX) INC,-,TELEX,DELTA GALIL VIETNAM. LTD,FOB,DELTA GALIL VIETNAM. LTD,DLTV-C,SPANX,HO CHI MINH&nbsp;VN,A-(W-CAN) MISSISSAUGAON,CFS/CFS DOOR,#,LCL x 1,LCL x 1,#,#,#,#,11/29/2021,CAI MEP&nbsp;VN,12/20/2021 00:00 AM,12/20/2021 00:00 AM,VANCOUVER&nbsp;BRITISH COLUMBIA,03/04/2022,03/04/2022,YANG MING,SEASPAN GANGES,025E,#,Direct service,#,ACCEPTED,12/17/2021 00:00 AM,spanx,#,1.,YMLU8987949,LCL,YMAK637449,12,CTNS,1.000,27.800,12/01/2021,12/08/2021,VIETNAM (VN),,,
WB86910334,5/22/2022,27,DMCA220630.19,CONFIRMED,#,SEA,#,#,VNM - TOPOCEAN CONSOLIDATION SERVICE (VIET NAM) COMPANY LIMITED,LAX - TOPOCEAN CONSOLIDATION SERVICE (LAX) INC,-,TELEX,DELTA GALIL VIETNAM. LTD,FOB,DELTA GALIL VIETNAM. LTD,DLTV-C,SPANX,HO CHI MINH&nbsp;VN,A-(W-CAN) MISSISSAUGAON,CFS/CFS DOOR,#,LCL x 1,#,#,#,#,#,6/23/2022,HO CHI MINH&nbsp;VN,07/02/2022,#,VANCOUVER&nbsp;BRITISH COLUMBIA,7/24/2022 00:00 AM,#,OOCL,OOCL CHICAGO,083E,#,1st vessel: amalia c 113ntranshipment port :kaohsiung etd kaohsiung: jul 10.,#,ACCEPTED,5/26/2022 00:00 AM,spanx,#,1.,TBA1,LCL,,19,CTNS,01/01/0204,140.900,6/23/2022,,VIETNAM (VN),,,
WB87261353,3/13/2022,16,MLCWSGN2204101,CONFIRMED,ONEYSGNC93024700,SEA,#,MLCWSGN2204101,VNM - TOPOCEAN CONSOLIDATION SERVICE (VIET NAM) COMPANY LIMITED,LAX - TOPOCEAN CONSOLIDATION SERVICE (LAX) INC,-,TELEX,DELTA GALIL VIETNAM. LTD,FOB,DELTA GALIL VIETNAM. LTD,DLTV-C,SPANX,HO CHI MINH&nbsp;VN,A-(W-EUR) OLDENZAALNL,CFS/CFS DOOR,#,LCL x 1,LCL x 1,#,#,#,#,04/05/2022,CAI MEP&nbsp;VN,4/18/2022 00:00 AM,4/18/2022 00:00 AM,ROTTERDAM&nbsp;NL,5/17/2022 00:00 AM,5/14/2022 00:00 AM,OCEAN NETWORK EXPRESS,ONE BLUE JAY,024W,#,Direct service,#,ACCEPTED,04/11/2022,spanx,#,1.,TCLU7969903,LCL,VN1263522A,12,CTNS,1.000,87.200,04/05/2022,04/07/2022,VIETNAM (VN),,,
WB88634723,2/15/2022,13,6328077955,CONFIRMED,COSU6328077955,SEA,#,63Z8148770,VNM - TOPOCEAN CONSOLIDATION SERVICE (VIET NAM) COMPANY LIMITED,LAX - TOPOCEAN CONSOLIDATION SERVICE (LAX) INC,-,TELEX,DELTA GALIL VIETNAM. LTD,FOB,DELTA GALIL VIETNAM. LTD,DLTV-C,SPANX,HO CHI MINH&nbsp;VN,A-(W-APT9) SILER CITYNC,CY/CY DOOR,#,40HQ x 1,40HQ x 1,#,#,#,#,3/16/2022,VUNG TAU&nbsp;VN,3/30/2022 00:00 AM,3/30/2022 00:00 AM,NORFOLK&nbsp;VA,5/14/2022 00:00 AM,5/14/2022 00:00 AM,COSCO,COSCO OCEANIA,084S,#,Direct service,#,ACCEPTED,04/03/2022,spanx,#,1.,OOLU8505866,40HQ,21517508,820,CTNS,58.636,7170.600,3/24/2022,3/25/2022,VIETNAM (VN),,,
WB89755263,06/06/2022,29,,PENDING,#,SEA,#,#,VNM - TOPOCEAN CONSOLIDATION SERVICE (VIET NAM) COMPANY LIMITED,LAX - TOPOCEAN CONSOLIDATION SERVICE (LAX) INC,-,TELEX,DELTA GALIL VIETNAM. LTD,FOB,DELTA GALIL VIETNAM. LTD,DLTV-C,SPANX,HO CHI MINH&nbsp;VN,A-(INNODP) BUFORDGA,CFS/CFS DOOR,#,LCL x 1,#,#,#,#,#,7/16/2022,CAI MEP&nbsp;VN,7/21/2022 00:00 AM,#,NEW YORK&nbsp;NY,8/23/2022 00:00 AM,#,OCEAN NETWORK EXPRESS,ONE COLUMBA,109W,#,#,#,ACCEPTED,06/07/2022,spanx,#,1.,TBA1,LCL,,96,,01/03/0776,685.600,,,,,,
WB89793239,12/18/2021,6,6323494720,CONFIRMED,COSU6323494720,SEA,#,63Z8145294,VNM - TOPOCEAN CONSOLIDATION SERVICE (VIET NAM) COMPANY LIMITED,LAX - TOPOCEAN CONSOLIDATION SERVICE (LAX) INC,-,TELEX,DELTA GALIL VIETNAM. LTD,FOB,DELTA GALIL VIETNAM. LTD,DLTV-C,SPANX,HO CHI MINH&nbsp;VN,A-(W-APT9) SILER CITYNC,CY/CY DOOR,#,40'SD x 1,40HQ x 1,#,40HQ x 1,40'SD x 1,#,1/18/2022,VUNG TAU&nbsp;VN,02/06/2022,02/06/2022,NORFOLK&nbsp;VA,3/18/2022 00:00 AM,3/18/2022 00:00 AM,COSCO,CSCL WINTER,041S,#,Direct service,#,ACCEPTED,1/25/2022 00:00 AM,spanx,#,1./2./,CCLU4941001/CSNU7415328/,40'SD/40HQ/,21518920/21516533/,388/797/,CTNS/CTNS/,26.132/54.534/,2922.300/7200.200/,1/25/2022/1/25/2022/,1/26/2022/1/26/2022/,VIETNAM (VN)/VIETNAM (VN)/,//,
WB91029731,12/02/2021,4,ZIMUHCM80232823,CONFIRMED,ZIMUHCM80232823,SEA,#,63Z8144123,VNM - TOPOCEAN CONSOLIDATION SERVICE (VIET NAM) COMPANY LIMITED,LAX - TOPOCEAN CONSOLIDATION SERVICE (LAX) INC,-,TELEX,DELTA GALIL VIETNAM. LTD,FOB,DELTA GALIL VIETNAM. LTD,DLTV-C,SPANX,HO CHI MINH&nbsp;VN,A-(W-INBK) BUFORDGA,CY/CY DOOR,#,40'SD x 1,40'SD x 1,#,#,#,#,12/18/2021,CAI MEP&nbsp;VN,1/26/2022 00:00 AM,1/26/2022 00:00 AM,SAVANNAH&nbsp;GA,2/27/2022 00:00 AM,2/27/2022 00:00 AM,ZIM,MAERSK STADELHORN,203W,#,Direct service,#,APPROVAL PENDING,#,#,#,1.,ZCSU2616870,40'SD,A4210328561,859,CTNS,33.800,4721.200,1/20/2022,1/21/2022,VIETNAM (VN),,,
WB92281024,01/06/2022,9,DMCA220301.02,CONFIRMED,OOLU2692239261,SEA,#,DHCM5220116,VNM - TOPOCEAN CONSOLIDATION SERVICE (VIET NAM) COMPANY LIMITED,LAX - TOPOCEAN CONSOLIDATION SERVICE (LAX) INC,-,TELEX,DELTA GALIL VIETNAM. LTD,FOB,DELTA GALIL VIETNAM. LTD,DLTV-C,SPANX,HO CHI MINH&nbsp;VN,A-(W-CAN) MISSISSAUGAON,CFS/CFS DOOR,#,LCL x 1,LCL x 1,#,#,#,#,2/25/2022,HO CHI MINH&nbsp;VN,03/04/2022,03/04/2022,VANCOUVER&nbsp;BRITISH COLUMBIA,04/12/2022,04/12/2022,OOCL,OOCL CHICAGO,081E,#,1st vessel : ym celebrity 032ntranshipment port :khh etd khh: 15 mar 2022,#,ACCEPTED,02/11/2022,spanx,#,1.,CBHU9411133,LCL,OOLHLE4900,9,CTNS,1.000,23.500,2/25/2022,2/28/2022,VIETNAM (VN),,,
WB93489988,3/29/2022,18,ZIMUHCM80256172,CONFIRMED,ZIMUHCM80256172,SEA,#,63Z8155112,VNM - TOPOCEAN CONSOLIDATION SERVICE (VIET NAM) COMPANY LIMITED,LAX - TOPOCEAN CONSOLIDATION SERVICE (LAX) INC,-,TELEX,DELTA GALIL VIETNAM. LTD,FOB,DELTA GALIL VIETNAM. LTD,DLTV-C,SPANX,HO CHI MINH&nbsp;VN,A-(INNODP) BUFORDGA,CY/CY DOOR,#,40HQ x 2,40HQ x 2,#,#,#,#,4/19/2022,CAI MEP&nbsp;VN,05/02/2022,05/02/2022,SAVANNAH&nbsp;GA,6/16/2022 00:00 AM,6/16/2022 00:00 AM,ZIM,CLEMENTINE MAERSK,218E,#,1st vessel: maersk sarnia 217e transshipment port sin etd sin may 14,#,ACCEPTED,04/07/2022,spanx,#,1./2./,MAGU5605365/TCKU6751550/,40HQ/40HQ/,A4210352664/A4210319876/,739/836/,CTNS/CTNS/,50.724/44.712/,6237.800/5636.200/,4/28/2022/4/28/2022/,4/29/2022/4/29/2022/,VIETNAM (VN)/VIETNAM (VN)/,//,
WB94688853,2/16/2022,13,6328673303,CONFIRMED,COSU6328673303,SEA,#,63Z8148773,VNM - TOPOCEAN CONSOLIDATION SERVICE (VIET NAM) COMPANY LIMITED,LAX - TOPOCEAN CONSOLIDATION SERVICE (LAX) INC,-,TELEX,DELTA GALIL VIETNAM. LTD,FOB,DELTA GALIL VIETNAM. LTD,DLTV-C,SPANX,HO CHI MINH&nbsp;VN,A-(W-APT9) SILER CITYNC,CY/CY DOOR,#,40HQ x 1,40HQ x 1,#,20'SD x 1,20'SD x 1,#,3/21/2022,VUNG TAU&nbsp;VN,04/01/2022,04/01/2022,NORFOLK&nbsp;VA,5/15/2022 00:00 AM,5/15/2022 00:00 AM,COSCO,APL SENTOSA,0TUNLS1MA,#,Direct service,#,ACCEPTED,2/24/2022 00:00 AM,spanx,#,1./2./,OOLU9107701/TLLU3010400/,40HQ/20'SD/,18747555/18747552/,835/374/,CTNS/CTNS/,54.564/23.844/,7865.700/3183.590/,3/25/2022/3/25/2022/,3/26/2022/3/26/2022/,VIETNAM (VN)/VIETNAM (VN)/,//,
WB95105639,5/15/2022,26,DMCA220624.18,CONFIRMED,YMLUW490418120,SEA,#,DHCM5220452,VNM - TOPOCEAN CONSOLIDATION SERVICE (VIET NAM) COMPANY LIMITED,LAX - TOPOCEAN CONSOLIDATION SERVICE (LAX) INC,-,TELEX,DELTA GALIL VIETNAM. LTD,FOB,DELTA GALIL VIETNAM. LTD,DLTV-C,SPANX,HO CHI MINH&nbsp;VN,A-(W-CAN) MISSISSAUGAON,CFS/CFS DOOR,#,LCL x 1,LCL x 1,#,#,#,#,6/18/2022,CAI MEP&nbsp;VN,6/25/2022 00:00 AM,6/25/2022 00:00 AM,VANCOUVER&nbsp;BRITISH COLUMBIA,7/18/2022 00:00 AM,#,YANG MING,SEASPAN AMAZON,026E,#,Direct service,#,ACCEPTED,5/17/2022 00:00 AM,spanx,#,1.,TGCU5032490,LCL,YMAK638247,9,CTNS,1.000,63.100,6/18/2022,6/20/2022,VIETNAM (VN),,,
WB96139256,06/08/2022,31,,PENDING,#,SEA,#,#,VNM - TOPOCEAN CONSOLIDATION SERVICE (VIET NAM) COMPANY LIMITED,LAX - TOPOCEAN CONSOLIDATION SERVICE (LAX) INC,-,TELEX,DELTA GALIL VIETNAM. LTD,FOB,DELTA GALIL VIETNAM. LTD,DLTV-C,SPANX,HO CHI MINH&nbsp;VN,A-(W-CAN) MISSISSAUGAON,CFS/CFS DOOR,#,LCL x 1,#,#,#,#,#,7/29/2022,HO CHI MINH&nbsp;VN,08/05/2022,#,VANCOUVER&nbsp;BRITISH COLUMBIA,8/26/2022 00:00 AM,#,OOCL,OOCL FRANCE,109W,#,#,#,ACCEPTED,06/10/2022,spanx,#,1.,TBA1,LCL,,6,,0.236,01/06/0200,,,,,,
WB98293428,12/25/2021,7,DMCA220128.06,CONFIRMED,YMLUW490412389,SEA,#,DHCM5220069,VNM - TOPOCEAN CONSOLIDATION SERVICE (VIET NAM) COMPANY LIMITED,LAX - TOPOCEAN CONSOLIDATION SERVICE (LAX) INC,-,TELEX,DELTA GALIL VIETNAM. LTD,FOB,DELTA GALIL VIETNAM. LTD,DLTV-C,SPANX,HO CHI MINH&nbsp;VN,A-(W-CAN) MISSISSAUGAON,CFS/CFS DOOR,#,LCL x 1,LCL x 1,#,#,#,#,1/19/2022,CAI MEP&nbsp;VN,02/12/2022,02/12/2022,VANCOUVER&nbsp;BRITISH COLUMBIA,04/11/2022,04/11/2022,YANG MING,ATHOS,022E,#,Direct service,#,ACCEPTED,02/09/2022,spanx,#,1.,YMMU6143006,LCL,YMAK637492,80,CTNS,01/03/0700,459.320,1/20/2022,1/24/2022,VIETNAM (VN),,,
WB98567189,01/06/2022,10,6326547902,CONFIRMED,COSU6326547902,SEA,#,63Z8146764,VNM - TOPOCEAN CONSOLIDATION SERVICE (VIET NAM) COMPANY LIMITED,LAX - TOPOCEAN CONSOLIDATION SERVICE (LAX) INC,-,TELEX,DELTA GALIL VIETNAM. LTD,FOB,DELTA GALIL VIETNAM. LTD,DLTV-C,SPANX,HO CHI MINH&nbsp;VN,A-(W-APT9) SILER CITYNC,CY/CY DOOR,#,40HQ x 1,40HQ x 1,#,#,#,#,2/25/2022,VUNG TAU&nbsp;VN,03/05/2022,03/05/2022,NORFOLK&nbsp;VA,4/15/2022 00:00 AM,4/15/2022 00:00 AM,COSCO,COSCO MALAYSIA,086S,#,Direct service,#,ACCEPTED,01/12/2022,spanx,#,1.,UETU5137148,40HQ,21506447,780,CTNS,52.940,6857.800,2/27/2022,2/27/2022,VIETNAM (VN),,,
WB99998725,11/22/2021,52,MLCWSGN2112074,CONFIRMED,ONEYSGNBAM161800,SEA,#,MLCWSGN2112074,VNM - TOPOCEAN CONSOLIDATION SERVICE (VIET NAM) COMPANY LIMITED,LAX - TOPOCEAN CONSOLIDATION SERVICE (LAX) INC,-,TELEX,DELTA GALIL VIETNAM. LTD,FOB,DELTA GALIL VIETNAM. LTD,DLTV-C,SPANX,HO CHI MINH&nbsp;VN,A-(W-EUR) OLDENZAALNL,CFS/CFS DOOR,#,LCL x 1,LCL x 1,#,#,#,#,12/16/2021,CAI MEP&nbsp;VN,12/26/2021 00:00 AM,12/26/2021 00:00 AM,ROTTERDAM&nbsp;NL,1/27/2022 00:00 AM,1/27/2022 00:00 AM,OCEAN NETWORK EXPRESS,ONE IBIS,023W,#,Direct service,#,ACCEPTED,12/21/2021 00:00 AM,spanx,#,1.,NYKU5715433,LCL,VN1376769A,20,CTNS,01/01/0710,128.900,12/17/2021,12/20/2021,VIETNAM (VN),,,

BookingID#:,Booking Date:,Week of Year:,Booking Confirmation:,Booking Status:,MAWB:,Transportation Mode :,Non-Managed:,AWB:,Origin Office:,Dest Office:,Sub-Dest Office:,Release Type:,Booking Party:,Term:,Shipper:,Vendor Code:,Consignee :,Place of Receipt:,Place of Delivery:,Delivery Type:,Commodity:,Vendor Reference :,PO Ready Date:,No. Of Pieces:,Gross Wgt(kg):,Volume(CBM):,Departure Port:,Current ETD:,ATD:,Arrival Port,:,Current ETA:,ATA:,Airline:,Flight No:,Customer Remarks :,Approval Status :,Approval Date:,Approved By:,Approval Remark :
WB03857888,10/21/2021,45,607-23785366,CONFIRMED,607-23785366,AIR,#,43Z1153766,VNM - TOPOCEAN CONSOLIDATION SERVICE (VIET NAM) COMPANY LIMITED,LAX - TOPOCEAN CONSOLIDATION SERVICE (LAX) INC,-,TELEX,DELTA GALIL VIETNAM. LTD,FOB,DELTA GALIL VIETNAM. LTD,DLTV-C,SPANX,HO CHI MINH&nbsp;VN,A-(W-ACME) SILER CITYNC,CFS/CFS DOOR,#,#,11/01/2021,#,#,#,HO CHI MINH&nbsp;VN,11/05/2021,11/05/2021,O'HARE APT/CHICAGO&nbsp;IL,11/16/2021 00:00 AM,#,ETIHAD,EY0996,#,#,ACCEPTED,10/22/2021 00:00 AM,spanx,#,1.,EY0996,AIR,NA,117,CTNS,14.801,2714.000,11/03/2021,11/04/2021,VIETNAM (VN),,,
WB10296955,10/19/2021,44,695-28564093,CONFIRMED,695-28564093,AIR,#,43Z1153468,VNM - TOPOCEAN CONSOLIDATION SERVICE (VIET NAM) COMPANY LIMITED,LAX - TOPOCEAN CONSOLIDATION SERVICE (LAX) INC,-,TELEX,DELTA GALIL VIETNAM. LTD,FOB,DELTA GALIL VIETNAM. LTD,DLTV-C,SPANX,HO CHI MINH&nbsp;VN,A-(INNODP) BUFORDGA,CFS/CFS DOOR,#,#,10/29/2021,#,#,#,HO CHI MINH&nbsp;VN,11/04/2021,11/04/2021,ATLANTA&nbsp;GA,11/12/2021,11/12/2021,EVA AIR,BR0392,#,#,ACCEPTED,10/28/2021 00:00 AM,spanx,#,1.,BR0392,AIR,NA,194,CTNS,01/08/0331,1032.000,11/03/2021,11/03/2021,VIETNAM (VN),,,
WB10798176,11/08/2021,47,160-29805274,CONFIRMED,160-29805274,AIR,#,43Z1155173,VNM - TOPOCEAN CONSOLIDATION SERVICE (VIET NAM) COMPANY LIMITED,LAX - TOPOCEAN CONSOLIDATION SERVICE (LAX) INC,-,TELEX,DELTA GALIL VIETNAM. LTD,FOB,DELTA GALIL VIETNAM. LTD,DLTV-C,SPANX,HO CHI MINH&nbsp;VN,A-(W-APT9) SILER CITYNC,CFS/CFS DOOR,#,#,11/18/2021,#,#,#,HO CHI MINH&nbsp;VN,11/22/2021 00:00 AM,11/22/2021 00:00 AM,RICKENBACKER INTERNATIONAL APT&nbsp;OHIO,11/23/2021 00:00 AM,11/23/2021 00:00 AM,CATHAY PACIFIC,CX766,#,#,ACCEPTED,11/08/2021,spanx,#,1.,CX766,AIR,NA,140,CTNS,01/10/0114,927.000,11/20/2021,11/21/2021,VIETNAM (VN),,,
WB10866574,10/20/2021,45,205-82121535,CONFIRMED,205-82121535,AIR,#,DHCM12111001,VNM - TOPOCEAN CONSOLIDATION SERVICE (VIET NAM) COMPANY LIMITED,LAX - TOPOCEAN CONSOLIDATION SERVICE (LAX) INC,-,TELEX,DELTA GALIL VIETNAM. LTD,FCA,DELTA GALIL VIETNAM. LTD,DLTV-C,SPANX,HO CHI MINH&nbsp;VN,A-(W-CAN) MISSISSAUGAON,CFS/CFS DOOR,#,#,11/01/2021,#,#,#,HO CHI MINH&nbsp;VN,11/09/2021,11/09/2021,TORONTO&nbsp;ON,11/16/2021 00:00 AM,11/15/2021 00:00 AM,ALL NIPPON AIRWAYS,NH0892,#,#,ACCEPTED,10/28/2021 00:00 AM,spanx,#,1.,NH0892,AIR,NA,30,CTNS,01/01/0288,132.000,11/04/2021,11/05/2021,VIETNAM (VN),,,
WB18868107,11/08/2021,47,695-30586146,CONFIRMED,695-30586146,AIR,#,43Z1155174,VNM - TOPOCEAN CONSOLIDATION SERVICE (VIET NAM) COMPANY LIMITED,LAX - TOPOCEAN CONSOLIDATION SERVICE (LAX) INC,-,TELEX,DELTA GALIL VIETNAM. LTD,FOB,DELTA GALIL VIETNAM. LTD,DLTV-C,SPANX,HO CHI MINH&nbsp;VN,A-(W-APT9) SILER CITYNC,CFS/CFS DOOR,#,#,11/18/2021,#,#,#,HO CHI MINH&nbsp;VN,11/21/2021 00:00 AM,11/21/2021 00:00 AM,O'HARE APT/CHICAGO&nbsp;IL,11/25/2021 00:00 AM,11/27/2021 00:00 AM,EVA AIR,VZ3975,#,#,ACCEPTED,11/08/2021,spanx,#,1.,VZ3975,AIR,NA,232,CTNS,17.593,1723.000,11/18/2021,11/19/2021,VIETNAM (VN),,,
WB21095212,11/22/2021,51,160-29805414,CONFIRMED,160-29805414,AIR,#,43Z1157330,VNM - TOPOCEAN CONSOLIDATION SERVICE (VIET NAM) COMPANY LIMITED,LAX - TOPOCEAN CONSOLIDATION SERVICE (LAX) INC,-,TELEX,DELTA GALIL VIETNAM. LTD,FOB,DELTA GALIL VIETNAM. LTD,DLTV-C,SPANX,HO CHI MINH&nbsp;VN,A-(W-SRTL) BUFORDGA,CFS/CFS DOOR,#,#,12/16/2021,#,#,#,HO CHI MINH&nbsp;VN,12/19/2021 00:00 AM,12/19/2021 00:00 AM,RICKENBACKER INTERNATIONAL APT&nbsp;OHIO,12/21/2021 00:00 AM,12/21/2021 00:00 AM,CATHAY PACIFIC,CX766,#,#,ACCEPTED,11/25/2021 00:00 AM,spanx,#,1.,CX766,AIR,NA,231,CTNS,16.100,1629.000,12/18/2021,12/18/2021,VIETNAM (VN),,,
WB21346276,11/10/2021,49,297-38253342,CONFIRMED,297-38253342,AIR,#,43Z1156576,VNM - TOPOCEAN CONSOLIDATION SERVICE (VIET NAM) COMPANY LIMITED,LAX - TOPOCEAN CONSOLIDATION SERVICE (LAX) INC,-,TELEX,DELTA GALIL VIETNAM. LTD,FOB,DELTA GALIL VIETNAM. LTD,DLTV-C,SPANX,HO CHI MINH&nbsp;VN,A-(W-APT9) SILER CITYNC,CFS/CFS DOOR,#,#,11/25/2021,#,#,#,HO CHI MINH&nbsp;VN,12/06/2021,12/06/2021,ATLANTA&nbsp;GA,12/06/2021,12/07/2021,CHINA AIRLINES,CI6652,#,#,ACCEPTED,12/01/2021,spanx,#,1.,CI6652,AIR,NA,227,CTNS,16.026,1553.000,12/02/2021,12/02/2021,VIETNAM (VN),,,
WB25559229,06/08/2022,30,,PENDING,#,AIR,#,#,VNM - TOPOCEAN CONSOLIDATION SERVICE (VIET NAM) COMPANY LIMITED,LAX - TOPOCEAN CONSOLIDATION SERVICE (LAX) INC,-,TELEX,DELTA GALIL VIETNAM. LTD,FOB,DELTA GALIL VIETNAM. LTD,DLTV-C,SPANX,HO CHI MINH&nbsp;VN,A-(ZOFF) ATLANTAGA,CFS/CFS DOOR,#,#,7/21/2022,#,#,#,HO CHI MINH&nbsp;VN,7/23/2022 00:00 AM,#,ATLANTA&nbsp;GA,7/25/2022 00:00 AM,#,QATAR AIRLINE,QR0971,#,#,APPROVAL PENDING,#,#,#,1.,AIR,AIR,,5,,0.196,01/03/0500,,,,,,
WB26331254,11/26/2021,51,157-75657643,CONFIRMED,157-75657643,AIR,#,43Z1157335,VNM - TOPOCEAN CONSOLIDATION SERVICE (VIET NAM) COMPANY LIMITED,LAX - TOPOCEAN CONSOLIDATION SERVICE (LAX) INC,-,TELEX,DELTA GALIL VIETNAM. LTD,FOB,DELTA GALIL VIETNAM. LTD,DLTV-C,SPANX,HO CHI MINH&nbsp;VN,A-(W-APT9) SILER CITYNC,CFS/CFS DOOR,#,#,12/16/2021,#,#,#,HO CHI MINH&nbsp;VN,12/19/2021 00:00 AM,12/19/2021 00:00 AM,ATLANTA&nbsp;GA,12/22/2021 00:00 AM,12/23/2021 00:00 AM,QATAR AIRLINE,QR8901,#,#,ACCEPTED,11/29/2021 00:00 AM,spanx,#,1.,QR8901,AIR,NA,222,CTNS,15.910,1846.000,12/17/2021,12/17/2021,VIETNAM (VN),,,
WB26867671,11/07/2021,47,160-29805274,CONFIRMED,160-29805274,AIR,#,43Z1155171,VNM - TOPOCEAN CONSOLIDATION SERVICE (VIET NAM) COMPANY LIMITED,LAX - TOPOCEAN CONSOLIDATION SERVICE (LAX) INC,-,TELEX,DELTA GALIL VIETNAM. LTD,FOB,DELTA GALIL VIETNAM. LTD,DLTV-C,SPANX,HO CHI MINH&nbsp;VN,A-(W-SRTL) BUFORDGA,CFS/CFS DOOR,#,#,11/18/2021,#,#,#,HO CHI MINH&nbsp;VN,11/22/2021 00:00 AM,11/22/2021 00:00 AM,RICKENBACKER INTERNATIONAL APT&nbsp;OHIO,11/23/2021 00:00 AM,11/23/2021 00:00 AM,CATHAY PACIFIC,CX766,#,#,ACCEPTED,11/08/2021,spanx,#,1.,CX766,AIR,NA,189,CTNS,13.542,1360.000,11/20/2021,11/21/2021,VIETNAM (VN),,,
WB31959692,11/10/2021,48,157-73970175,CONFIRMED,157-73970175,AIR,#,43Z1155747,VNM - TOPOCEAN CONSOLIDATION SERVICE (VIET NAM) COMPANY LIMITED,LAX - TOPOCEAN CONSOLIDATION SERVICE (LAX) INC,-,TELEX,DELTA GALIL VIETNAM. LTD,FOB,DELTA GALIL VIETNAM. LTD,DLTV-C,SPANX,HO CHI MINH&nbsp;VN,A-(W-APT9) SILER CITYNC,CFS/CFS DOOR,#,#,11/25/2021,#,#,#,HO CHI MINH&nbsp;VN,11/29/2021 00:00 AM,11/29/2021 00:00 AM,ATLANTA&nbsp;GA,12/05/2021,12/03/2021,QATAR AIRLINE,QR8973,#,#,ACCEPTED,11/12/2021,spanx,#,1.,QR8973,AIR,NA,196,CTNS,14.122,1430.000,11/27/2021,11/27/2021,VIETNAM (VN),,,
WB33172587,12/01/2021,3,157-77344396,CONFIRMED,157-77344396,AIR,#,43Z1160156,VNM - TOPOCEAN CONSOLIDATION SERVICE (VIET NAM) COMPANY LIMITED,LAX - TOPOCEAN CONSOLIDATION SERVICE (LAX) INC,-,TELEX,DELTA GALIL VIETNAM. LTD,FOB,DELTA GALIL VIETNAM. LTD,DLTV-C,SPANX,HO CHI MINH&nbsp;VN,A-(W-ACME) SILER CITYNC,CFS/CFS DOOR,#,#,01/10/2022,#,#,#,HO CHI MINH&nbsp;VN,1/19/2022 00:00 AM,1/19/2022 00:00 AM,ATLANTA&nbsp;GA,1/22/2022 00:00 AM,1/21/2022 00:00 AM,QATAR AIRLINE,QR8973,#,#,ACCEPTED,1/14/2022 00:00 AM,spanx,#,1.,QR8973,AIR,NA,127,CTNS,16.415,2538.000,1/18/2022,1/18/2022,VIETNAM (VN),,,
WB33876957,11/30/2021,52,160-29805580,CONFIRMED,160-29805580,AIR,#,43Z1157493,VNM - TOPOCEAN CONSOLIDATION SERVICE (VIET NAM) COMPANY LIMITED,LAX - TOPOCEAN CONSOLIDATION SERVICE (LAX) INC,-,TELEX,DELTA GALIL VIETNAM. LTD,FOB,DELTA GALIL VIETNAM. LTD,DLTV-C,SPANX,HO CHI MINH&nbsp;VN,A-(W-ACME) SILER CITYNC,CFS/CFS DOOR,#,#,12/23/2021,#,#,#,HO CHI MINH&nbsp;VN,12/25/2021 00:00 AM,12/25/2021 00:00 AM,PITTSBURGH&nbsp;PA,12/26/2021 00:00 AM,12/26/2021 00:00 AM,CATHAY PACIFIC,CX2766,#,#,ACCEPTED,12/01/2021,spanx,#,1.,CX2766,AIR,NA,138,CTNS,17.514,2505.000,12/25/2021,12/25/2021,VIETNAM (VN),,,
WB34999107,11/26/2021,51,160-29805414,CONFIRMED,160-29805414,AIR,#,43Z1157333,VNM - TOPOCEAN CONSOLIDATION SERVICE (VIET NAM) COMPANY LIMITED,LAX - TOPOCEAN CONSOLIDATION SERVICE (LAX) INC,-,TELEX,DELTA GALIL VIETNAM. LTD,FOB,DELTA GALIL VIETNAM. LTD,DLTV-C,SPANX,HO CHI MINH&nbsp;VN,A-(W-APT9) SILER CITYNC,CFS/CFS DOOR,#,#,12/16/2021,#,#,#,HO CHI MINH&nbsp;VN,12/19/2021 00:00 AM,12/19/2021 00:00 AM,RICKENBACKER INTERNATIONAL APT&nbsp;OHIO,12/21/2021 00:00 AM,12/21/2021 00:00 AM,CATHAY PACIFIC,CX766,#,#,ACCEPTED,11/29/2021 00:00 AM,spanx,#,1.,CX766,AIR,NA,122,CTNS,01/08/0738,965.000,12/18/2021,12/18/2021,VIETNAM (VN),,,
WB35910371,01/05/2022,7,157-73539292,CONFIRMED,157-73539292,AIR,#,43Z1160661,VNM - TOPOCEAN CONSOLIDATION SERVICE (VIET NAM) COMPANY LIMITED,LAX - TOPOCEAN CONSOLIDATION SERVICE (LAX) INC,-,TELEX,DELTA GALIL VIETNAM. LTD,FOB,DELTA GALIL VIETNAM. LTD,DLTV-C,SPANX,HO CHI MINH&nbsp;VN,A-(INNODP) BUFORDGA,CFS/CFS DOOR,#,#,2/14/2022,#,#,#,HO CHI MINH&nbsp;VN,2/16/2022 00:00 AM,2/16/2022 00:00 AM,ATLANTA&nbsp;GA,2/22/2022 00:00 AM,2/22/2022 00:00 AM,QATAR AIRLINE,QR0971,#,#,ACCEPTED,01/12/2022,spanx,#,1.,QR0971,AIR,NA,66,CTNS,01/02/0815,415.000,2/15/2022,2/15/2022,VIETNAM (VN),,,
WB36121094,11/22/2021,51,172-51582521,CONFIRMED,172-51582521,AIR,#,43Z1157336,VNM - TOPOCEAN CONSOLIDATION SERVICE (VIET NAM) COMPANY LIMITED,LAX - TOPOCEAN CONSOLIDATION SERVICE (LAX) INC,-,TELEX,DELTA GALIL VIETNAM. LTD,FOB,DELTA GALIL VIETNAM. LTD,DLTV-C,SPANX,HO CHI MINH&nbsp;VN,A-(INNODP) BUFORDGA,CFS/CFS DOOR,#,#,12/16/2021,#,#,#,HO CHI MINH&nbsp;VN,12/19/2021 00:00 AM,12/19/2021 00:00 AM,RICKENBACKER INTERNATIONAL APT&nbsp;OHIO,12/21/2021 00:00 AM,12/21/2021 00:00 AM,CARGOLUX AIRLINES INTERNATIONAL,CV7337,#,#,ACCEPTED,11/29/2021 00:00 AM,spanx,#,1.,CV7337,AIR,NA,218,CTNS,15.620,1496.000,12/16/2021,12/17/2021,VIETNAM (VN),,,
WB38551027,11/08/2021,47,695-30586146,CONFIRMED,695-30586146,AIR,#,43Z1155175,VNM - TOPOCEAN CONSOLIDATION SERVICE (VIET NAM) COMPANY LIMITED,LAX - TOPOCEAN CONSOLIDATION SERVICE (LAX) INC,-,TELEX,DELTA GALIL VIETNAM. LTD,FOB,DELTA GALIL VIETNAM. LTD,DLTV-C,SPANX,HO CHI MINH&nbsp;VN,A-(W-APT9) SILER CITYNC,CFS/CFS DOOR,#,#,11/18/2021,#,#,#,HO CHI MINH&nbsp;VN,11/21/2021 00:00 AM,11/21/2021 00:00 AM,O'HARE APT/CHICAGO&nbsp;IL,11/25/2021 00:00 AM,11/27/2021 00:00 AM,EVA AIR,VZ3975,#,#,ACCEPTED,11/08/2021,spanx,#,1.,VZ3975,AIR,NA,256,CTNS,19.418,1908.000,11/18/2021,11/19/2021,VIETNAM (VN),,,
WB39481034,10/27/2021,45,607-23785381,CONFIRMED,607-23785381,AIR,#,43Z1154342,VNM - TOPOCEAN CONSOLIDATION SERVICE (VIET NAM) COMPANY LIMITED,LAX - TOPOCEAN CONSOLIDATION SERVICE (LAX) INC,-,TELEX,DELTA GALIL VIETNAM. LTD,FOB,DELTA GALIL VIETNAM. LTD,DLTV-C,SPANX,HO CHI MINH&nbsp;VN,A-(INNODP) BUFORDGA,CFS/CFS DOOR,#,#,11/03/2021,#,#,#,HO CHI MINH&nbsp;VN,11/05/2021,11/05/2021,O'HARE APT/CHICAGO&nbsp;IL,11/10/2021,11/12/2021,ETIHAD,EY0996,#,#,ACCEPTED,10/28/2021 00:00 AM,spanx,#,1.,EY0996,AIR,NA,146,CTNS,01/06/0228,794.000,11/03/2021,11/04/2021,VIETNAM (VN),,,
WB39648103,10/21/2021,45,724-21670390,CONFIRMED,724-21670390,AIR,#,RCSHCM73125,VNM - TOPOCEAN CONSOLIDATION SERVICE (VIET NAM) COMPANY LIMITED,LAX - TOPOCEAN CONSOLIDATION SERVICE (LAX) INC,-,TELEX,DELTA GALIL VIETNAM. LTD,FOB,DELTA GALIL VIETNAM. LTD,DLTV-C,SPANX,HO CHI MINH&nbsp;VN,A-(W-EUR) OLDENZAALNL,CFS/CFS DOOR,#,#,10/30/2021,#,#,#,HO CHI MINH&nbsp;VN,11/09/2021,11/09/2021,AMSTERDAM&nbsp;NL,11/12/2021,#,SWISS WORLD CARGO,VZ3975,#,#,ACCEPTED,11/04/2021,spanx,#,1.,VZ3975,AIR,NA,38,CTNS,01/01/0630,195.000,11/08/2021,11/08/2021,VIETNAM (VN),,,
WB41076463,11/10/2021,48,297-06429986,CONFIRMED,297-06429986,AIR,#,43Z1155749,VNM - TOPOCEAN CONSOLIDATION SERVICE (VIET NAM) COMPANY LIMITED,LAX - TOPOCEAN CONSOLIDATION SERVICE (LAX) INC,-,TELEX,DELTA GALIL VIETNAM. LTD,FOB,DELTA GALIL VIETNAM. LTD,DLTV-C,SPANX,HO CHI MINH&nbsp;VN,A-(W-SRTL) BUFORDGA,CFS/CFS DOOR,#,#,11/25/2021,#,#,#,HO CHI MINH&nbsp;VN,11/28/2021 00:00 AM,11/28/2021 00:00 AM,ATLANTA&nbsp;GA,12/07/2021,#,CHINA AIRLINES,VN570,#,#,ACCEPTED,11/12/2021,spanx,#,1.,VN570,AIR,NA,175,CTNS,01/12/0638,1279.000,11/27/2021,11/27/2021,VIETNAM (VN),,,
WB46175922,11/10/2021,48,205-82120695,CONFIRMED,205-82120695,AIR,#,DHCM12111013,VNM - TOPOCEAN CONSOLIDATION SERVICE (VIET NAM) COMPANY LIMITED,LAX - TOPOCEAN CONSOLIDATION SERVICE (LAX) INC,-,TELEX,DELTA GALIL VIETNAM. LTD,FOB,DELTA GALIL VIETNAM. LTD,DLTV-C,SPANX,HO CHI MINH&nbsp;VN,A-(W-CAN) MISSISSAUGAON,CFS/CFS DOOR,#,#,11/25/2021,#,#,#,HO CHI MINH&nbsp;VN,11/27/2021 00:00 AM,11/27/2021 00:00 AM,TORONTO&nbsp;ON,11/30/2021 00:00 AM,12/01/2021,ALL NIPPON AIRWAYS,NH0892,#,#,ACCEPTED,11/15/2021 00:00 AM,spanx,#,1.,NH0892,AIR,NA,6,CTNS,0.217,19.000,11/25/2021,11/26/2021,VIETNAM (VN),,,
WB46579284,3/13/2022,14,205-66584420,CONFIRMED,205-66584420,AIR,#,DHCM12204003,VNM - TOPOCEAN CONSOLIDATION SERVICE (VIET NAM) COMPANY LIMITED,LAX - TOPOCEAN CONSOLIDATION SERVICE (LAX) INC,-,TELEX,DELTA GALIL VIETNAM. LTD,FOB,DELTA GALIL VIETNAM. LTD,DLTV-C,SPANX,HO CHI MINH&nbsp;VN,A-(W-CAN) MISSISSAUGAON,CFS/CFS DOOR,#,#,04/05/2022,#,#,#,HO CHI MINH&nbsp;VN,04/05/2022,04/05/2022,TORONTO&nbsp;ON,04/12/2022,04/11/2022,ALL NIPPON AIRWAYS,NH0834,#,#,ACCEPTED,3/23/2022 00:00 AM,spanx,#,1.,NH0834,AIR,NA,3,CTNS,0.180,16.000,04/03/2022,04/03/2022,VIETNAM (VN),,,
WB48442351,06/06/2022,29,,PENDING,#,AIR,#,#,VNM - TOPOCEAN CONSOLIDATION SERVICE (VIET NAM) COMPANY LIMITED,LAX - TOPOCEAN CONSOLIDATION SERVICE (LAX) INC,-,TELEX,DELTA GALIL VIETNAM. LTD,FOB,DELTA GALIL VIETNAM. LTD,DLTV-C,SPANX,HO CHI MINH&nbsp;VN,A-(W-CAN) MISSISSAUGAON,CFS/CFS DOOR,#,#,7/16/2022,#,#,#,HO CHI MINH&nbsp;VN,7/18/2022 00:00 AM,#,TORONTO&nbsp;ON,7/20/2022 00:00 AM,#,EVA AIR,BR0392,#,#,ACCEPTED,06/10/2022,spanx,#,1.,TBA1,AIR,NA,5,,0.196,32.900,,,VIETNAM (VN),,,
WB62103138,10/21/2021,45,297-05304364,CONFIRMED,297-05304364,AIR,#,43Z1153761,VNM - TOPOCEAN CONSOLIDATION SERVICE (VIET NAM) COMPANY LIMITED,LAX - TOPOCEAN CONSOLIDATION SERVICE (LAX) INC,-,TELEX,DELTA GALIL VIETNAM. LTD,FOB,DELTA GALIL VIETNAM. LTD,DLTV-C,SPANX,HO CHI MINH&nbsp;VN,A-(W-ACME) SILER CITYNC,CFS/CFS DOOR,#,#,11/01/2021,#,#,#,HO CHI MINH&nbsp;VN,11/07/2021,11/07/2021,ATLANTA&nbsp;GA,11/16/2021 00:00 AM,#,CHINA AIRLINES,VN570,#,#,ACCEPTED,10/22/2021 00:00 AM,spanx,#,1.,VN570,AIR,NA,160,CTNS,20.240,3694.000,11/05/2021,11/06/2021,VIETNAM (VN),,,
WB63987839,02/08/2022,10,828-14472286,CONFIRMED,172-47435065,AIR,#,ITL79392750,VNM - TOPOCEAN CONSOLIDATION SERVICE (VIET NAM) COMPANY LIMITED,LAX - TOPOCEAN CONSOLIDATION SERVICE (LAX) INC,-,TELEX,DELTA GALIL VIETNAM. LTD,FOB,DELTA GALIL VIETNAM. LTD,DLTV-C,SPANX,HO CHI MINH&nbsp;VN,A-(INNODP) BUFORDGA,CFS/CFS DOOR,#,#,03/03/2022,#,#,#,HO CHI MINH&nbsp;VN,03/11/2022,03/11/2022,O'HARE APT/CHICAGO&nbsp;IL,3/15/2022 00:00 AM,3/15/2022 00:00 AM,CARGOLUX AIRLINES INTERNATIONAL,RH320,#,#,ACCEPTED,03/07/2022,spanx,#,1.,RH320,AIR,NA,208,CTNS,01/08/0932,1241.000,03/10/2022,03/11/2022,VIETNAM (VN),,,
WB71323798,02/08/2022,9,205-66442062,CONFIRMED,205-66442062,AIR,#,DHCM12203009,VNM - TOPOCEAN CONSOLIDATION SERVICE (VIET NAM) COMPANY LIMITED,LAX - TOPOCEAN CONSOLIDATION SERVICE (LAX) INC,-,TELEX,DELTA GALIL VIETNAM. LTD,FOB,DELTA GALIL VIETNAM. LTD,DLTV-C,SPANX,HO CHI MINH&nbsp;VN,A-(W-CAN) MISSISSAUGAON,CFS/CFS DOOR,#,#,03/03/2022,#,#,#,HO CHI MINH&nbsp;VN,03/04/2022,03/04/2022,TORONTO&nbsp;ON,03/10/2022,03/10/2022,ALL NIPPON AIRWAYS,NH0892,#,#,ACCEPTED,02/09/2022,spanx,#,1.,NH0892,AIR,NA,11,CTNS,0.472,46.000,03/03/2022,03/04/2022,VIETNAM (VN),,,
WB76425969,11/22/2021,51,157-75657934,CONFIRMED,157-75657934,AIR,#,43Z1157331,VNM - TOPOCEAN CONSOLIDATION SERVICE (VIET NAM) COMPANY LIMITED,LAX - TOPOCEAN CONSOLIDATION SERVICE (LAX) INC,-,TELEX,DELTA GALIL VIETNAM. LTD,FOB,DELTA GALIL VIETNAM. LTD,DLTV-C,SPANX,HO CHI MINH&nbsp;VN,A-(W-APT9) SILER CITYNC,CFS/CFS DOOR,#,#,12/16/2021,#,#,#,HO CHI MINH&nbsp;VN,12/19/2021 00:00 AM,12/19/2021 00:00 AM,ATLANTA&nbsp;GA,12/21/2021 00:00 AM,12/21/2021 00:00 AM,QATAR AIRLINE,QR8969,#,#,ACCEPTED,11/29/2021 00:00 AM,spanx,#,1.,QR8969,AIR,NA,269,CTNS,19.233,1951.000,12/16/2021,12/17/2021,VIETNAM (VN),,,
WB78515103,1/20/2022,5,157-77347944,CONFIRMED,157-77347944,AIR,#,43Z1161091,VNM - TOPOCEAN CONSOLIDATION SERVICE (VIET NAM) COMPANY LIMITED,LAX - TOPOCEAN CONSOLIDATION SERVICE (LAX) INC,-,TELEX,DELTA GALIL VIETNAM. LTD,FOB,DELTA GALIL VIETNAM. LTD,DLTV-C,SPANX,HO CHI MINH&nbsp;VN,A-(W-ACME) SILER CITYNC,CFS/CFS DOOR,#,#,1/22/2022,#,#,#,HO CHI MINH&nbsp;VN,1/30/2022 00:00 AM,1/30/2022 00:00 AM,ATLANTA&nbsp;GA,02/06/2022,02/06/2022,QATAR AIRLINE,QR8901,#,#,ACCEPTED,1/24/2022 00:00 AM,spanx,#,1.,QR8901,AIR,NA,141,CTNS,17.480,3200.000,1/27/2022,1/27/2022,VIETNAM (VN),,,
WB79943884,10/14/2021,43,695-28557723,CONFIRMED,695-28557723,AIR,#,43Z1153278,VNM - TOPOCEAN CONSOLIDATION SERVICE (VIET NAM) COMPANY LIMITED,LAX - TOPOCEAN CONSOLIDATION SERVICE (LAX) INC,-,TELEX,DELTA GALIL VIETNAM. LTD,FOB,DELTA GALIL VIETNAM. LTD,DLTV-C,SPANX,HO CHI MINH&nbsp;VN,A-(W-SRTL) BUFORDGA,CFS/CFS DOOR,#,#,10/21/2021,#,#,#,HO CHI MINH&nbsp;VN,10/27/2021 00:00 AM,10/27/2021 00:00 AM,ATLANTA&nbsp;GA,11/06/2021,11/06/2021,EVA AIR,BR1382,#,#,ACCEPTED,10/15/2021 00:00 AM,spanx,#,1.,BR1382,AIR,NA,48,CTNS,01/02/0061,264.000,10/25/2021,10/25/2021,VIETNAM (VN),,,
WB83110197,12/05/2021,52,160-29805425,CONFIRMED,160-29805425,AIR,#,43Z1158149,VNM - TOPOCEAN CONSOLIDATION SERVICE (VIET NAM) COMPANY LIMITED,LAX - TOPOCEAN CONSOLIDATION SERVICE (LAX) INC,-,TELEX,DELTA GALIL VIETNAM. LTD,FOB,DELTA GALIL VIETNAM. LTD,DLTV-C,SPANX,HO CHI MINH&nbsp;VN,A-(W-APT9) SILER CITYNC,CFS/CFS DOOR,#,#,12/24/2021,#,#,#,HO CHI MINH&nbsp;VN,12/26/2021 00:00 AM,12/26/2021 00:00 AM,RICKENBACKER INTERNATIONAL APT&nbsp;OHIO,12/28/2021 00:00 AM,12/28/2021 00:00 AM,CATHAY PACIFIC,CX764,#,#,ACCEPTED,12/23/2021 00:00 AM,spanx,#,1.,CX764,AIR,NA,130,CTNS,01/09/0133,1030.000,12/24/2021,12/25/2021,VIETNAM (VN),,,
WB83334838,11/07/2021,47,205-81402285,CONFIRMED,205-81402285,AIR,#,43Z1155172,VNM - TOPOCEAN CONSOLIDATION SERVICE (VIET NAM) COMPANY LIMITED,LAX - TOPOCEAN CONSOLIDATION SERVICE (LAX) INC,-,TELEX,DELTA GALIL VIETNAM. LTD,FOB,DELTA GALIL VIETNAM. LTD,DLTV-C,SPANX,HO CHI MINH&nbsp;VN,A-(W-APT9) SILER CITYNC,CFS/CFS DOOR,#,#,11/18/2021,#,#,#,HO CHI MINH&nbsp;VN,11/21/2021 00:00 AM,11/21/2021 00:00 AM,O'HARE APT/CHICAGO&nbsp;IL,11/26/2021 00:00 AM,11/30/2021 00:00 AM,ALL NIPPON AIRWAYS,VZ3975,#,#,ACCEPTED,11/08/2021,spanx,#,1.,VZ3975,AIR,NA,238,CTNS,17.951,1858.000,11/19/2021,11/20/2021,VIETNAM (VN),,,
WB84813373,11/15/2021,49,297-38253434,CONFIRMED,297-38253434,AIR,#,43Z1156249,VNM - TOPOCEAN CONSOLIDATION SERVICE (VIET NAM) COMPANY LIMITED,LAX - TOPOCEAN CONSOLIDATION SERVICE (LAX) INC,-,TELEX,DELTA GALIL VIETNAM. LTD,FOB,DELTA GALIL VIETNAM. LTD,DLTV-C,SPANX,HO CHI MINH&nbsp;VN,A-(W-INBK) BUFORDGA,CFS/CFS DOOR,#,#,11/29/2021,#,#,#,HO CHI MINH&nbsp;VN,12/06/2021,12/06/2021,ATLANTA&nbsp;GA,12/06/2021,12/07/2021,CHINA AIRLINES,CI6652,#,#,ACCEPTED,12/01/2021,spanx,#,1.,CI6652,AIR,NA,14,CTNS,0.601,16.000,12/03/2021,12/04/2021,VIETNAM (VN),,,
WB87491046,11/26/2021,51,738-51049390,CONFIRMED,297-09360175,AIR,#,43Z1157334,VNM - TOPOCEAN CONSOLIDATION SERVICE (VIET NAM) COMPANY LIMITED,LAX - TOPOCEAN CONSOLIDATION SERVICE (LAX) INC,-,TELEX,DELTA GALIL VIETNAM. LTD,FOB,DELTA GALIL VIETNAM. LTD,DLTV-C,SPANX,HO CHI MINH&nbsp;VN,A-(W-APT9) SILER CITYNC,CFS/CFS DOOR,#,#,12/16/2021,#,#,#,HO CHI MINH&nbsp;VN,12/17/2021 00:00 AM,12/17/2021 00:00 AM,ATLANTA&nbsp;GA,12/21/2021 00:00 AM,12/22/2021 00:00 AM,CHINA AIRLINES,VN570,#,#,ACCEPTED,11/29/2021 00:00 AM,spanx,#,1.,VN570,AIR,NA,250,CTNS,17.910,1894.000,12/16/2021,12/17/2021,VIETNAM (VN),,,
WB87994548,12/25/2021,4,172-52335474,CONFIRMED,172-52335474,AIR,#,43Z1159712,VNM - TOPOCEAN CONSOLIDATION SERVICE (VIET NAM) COMPANY LIMITED,LAX - TOPOCEAN CONSOLIDATION SERVICE (LAX) INC,-,TELEX,DELTA GALIL VIETNAM. LTD,FOB,DELTA GALIL VIETNAM. LTD,DLTV-C,SPANX,HO CHI MINH&nbsp;VN,A-(W-INBK) BUFORDGA,CFS/CFS DOOR,#,#,1/21/2022,#,#,#,HO CHI MINH&nbsp;VN,1/23/2022 00:00 AM,1/23/2022 00:00 AM,COLUMBUS&nbsp;OH,1/24/2022 00:00 AM,1/25/2022 00:00 AM,CARGOLUX AIRLINES INTERNATIONAL,CV4626,#,#,ACCEPTED,12/27/2021 00:00 AM,spanx,#,1.,CV4626,AIR,NA,189,CTNS,01/07/0932,857.000,1/21/2022,1/22/2022,VIETNAM (VN),,,
WB88334839,11/23/2021,51,160-29805414,CONFIRMED,160-29805414,AIR,#,43Z1157332,VNM - TOPOCEAN CONSOLIDATION SERVICE (VIET NAM) COMPANY LIMITED,LAX - TOPOCEAN CONSOLIDATION SERVICE (LAX) INC,-,TELEX,DELTA GALIL VIETNAM. LTD,FOB,DELTA GALIL VIETNAM. LTD,DLTV-C,SPANX,HO CHI MINH&nbsp;VN,A-(W-APT9) SILER CITYNC,CFS/CFS DOOR,#,#,12/16/2021,#,#,#,HO CHI MINH&nbsp;VN,12/19/2021 00:00 AM,12/19/2021 00:00 AM,RICKENBACKER INTERNATIONAL APT&nbsp;OHIO,12/21/2021 00:00 AM,12/21/2021 00:00 AM,CATHAY PACIFIC,CX766,#,#,ACCEPTED,11/29/2021 00:00 AM,spanx,#,1.,CX766,AIR,NA,253,CTNS,18.080,1698.000,12/17/2021,12/18/2021,VIETNAM (VN),,,
WB92644657,11/10/2021,48,297-06429986,CONFIRMED,297-06429986,AIR,#,43Z1155748,VNM - TOPOCEAN CONSOLIDATION SERVICE (VIET NAM) COMPANY LIMITED,LAX - TOPOCEAN CONSOLIDATION SERVICE (LAX) INC,-,TELEX,DELTA GALIL VIETNAM. LTD,FOB,DELTA GALIL VIETNAM. LTD,DLTV-C,SPANX,HO CHI MINH&nbsp;VN,A-(INNODP) BUFORDGA,CFS/CFS DOOR,#,#,11/25/2021,#,#,#,HO CHI MINH&nbsp;VN,11/28/2021 00:00 AM,11/28/2021 00:00 AM,ATLANTA&nbsp;GA,12/07/2021,#,CHINA AIRLINES,VN570,#,#,ACCEPTED,11/12/2021,spanx,#,1.,VN570,AIR,NA,171,CTNS,01/11/0948,1085.000,11/26/2021,11/27/2021,VIETNAM (VN),,,
WB95103336,02/08/2022,9,695-31001062,CONFIRMED,695-31001062,AIR,#,RCSHCM75186,VNM - TOPOCEAN CONSOLIDATION SERVICE (VIET NAM) COMPANY LIMITED,LAX - TOPOCEAN CONSOLIDATION SERVICE (LAX) INC,-,TELEX,DELTA GALIL VIETNAM. LTD,FOB,DELTA GALIL VIETNAM. LTD,DLTV-C,SPANX,HO CHI MINH&nbsp;VN,A-(W-EUR) OLDENZAALNL,CFS/CFS DOOR,#,#,03/03/2022,#,#,#,HO CHI MINH&nbsp;VN,03/04/2022,03/04/2022,AMSTERDAM&nbsp;NL,03/08/2022,03/08/2022,EVA AIR,BR0396,#,#,ACCEPTED,02/09/2022,spanx,#,1.,BR0396,AIR,NA,12,CTNS,0.520,60.000,03/03/2022,03/03/2022,VIETNAM (VN),,,
